id,s,g,o,note
0,"4,16","4,16","4,16",
1,A,A,A,
2,"-1.46, 1.645, A","-1.46,1.645,A","-1.46,1.645,A",
3,B,B,B,
4,"-\frac{7\sqrt{149}}{149},\,\frac{10\sqrt{149}}{149},\,-\frac{7}{10}","-\frac{7}{\sqrt{149}},\frac{10}{\sqrt{149}},-\frac{7}{10}","-\frac{7}{\sqrt{149}},\frac{10}{\sqrt{149}},-\frac{7}{10}",
5,"541.30,\ 63.25,\ 135.325,\ 4.2167,\ 32.09","541.3,63.25,135.325,4.2167,32.09","541.30,63.25,135.325,4.2167,32.09",
6,148.02,148.03,148.02,
7,328,\frac{112}{3},990,
8,420,420 mL,420 mL,
9,"-\frac{4}{3}x,\frac{L}{6}",\frac{L-8x}{6F},"L-8x,6",
10,I,E,E,
11,0.9391,0.939,0.94 (approximately),
12,"2c+4p=70,\ 11","2c+4p=70,11","2c+4p=70,11",
13,C,C,C,
14,\frac{\ln(35)}{\ln(3)},\frac{\log 35}{\log 3},\displaystyle \frac{\ln 35}{\ln 3},
15,"8,NONE","8,NONE","8,NONE",
16,501,501,501,
17,C,E,C,
18,H,H,H,
19,D,C,E,
20,"228, 229, 250","228,229,250","228,229,250",
21,"L(t) = 0.2915t + 56.9333, = 67.43","L(t)=0.21917t+59.4667,\ 67.4","L(t)=0.2918t+56.93,\;67.4",
22,G,H,G,
23,H,H,H,
24,1,1,1,
25,"\frac{8}{63},\frac{6}{63},\frac{11}{63},\frac{17}{63},\frac{13}{63},\frac{8}{63},8,14,25,42,55,63","\frac{8}{63},\frac{2}{21},\frac{11}{63},\frac{17}{63},\frac{13}{63},\frac{8}{63},8,14,25,42,55,63","\frac{8}{63},\frac{2}{21},\frac{11}{63},\frac{17}{63},\frac{13}{63},\frac{8}{63},8,14,25,42,55,63",
26,H,I,I,
27,"1/3, 2/3, 7/6, 11/6","\frac13,\frac23,\frac76,\frac{11}{6}","1/3,2/3,7/6,11/6",
28,"2,70,1,768,2,140","2,70,1,768,2,140","2,70,1,768,2,140",
29,38.2\%,38.2\%,38.2\%,
30,"2944, 664","2944,664","2944,664",
31,"-3,42","-3,42","-3,42",
32,"\sqrt{101},\ -1,\ -\frac{7}{2}","\sqrt{101},-1,-\frac{7}{2}","\sqrt{101},-1,-\frac{7}{2}",
33,F,H,F,
34,J,J,J,
35,"downward, \ln p","downward,\ln p","down,\ln p",
36,40x^{10}y^{9},40x^{10}y^9,40x^{10}y^{9},
37,"Tommy, Chucky, February 7","Tommy,Chucky,February\ 7","Tommy,Chucky,February 7",
38,B,B,B,
39,475,475,475,
40,D = 800 - 50d,D=800-50d,D = 800 - 50d,
41,3986,4048,4048,
42,"No, Yes, A","No,Yes,A","No,Yes,A",
43,"\frac{3}{8},\ 14,\ 28","\frac38,14,28","\frac{3}{8},14,28",
44,"True, True, True, False","True,True,True,False","True,True,True,False",
45,F,A,A,
46,"1.645, 1.72, 1.96, -1.96, 1.72, B, A","1.645,1.7193,1.96,-1.96,1.7193,B,A","1.645,1.718,1.96,-1.96,1.718,B,A",
47,F,F,F,
48,C,C,C,
49,0.0143,0.0143,0.014,
50,"140A+150B=5930,\ 3A+4B=142","140A+150B=5930,3A+4B=142","22,19,41",
51,25452_8,25352_8,25452_{8},
52,"231,385","231,385","231,385",
53,F,F,F,
54,2,1,1,
55,y = 5x^4,y=5x^4,y = 5x^{4},
56,"D,D,A","D,D,A","D,D,A",
57,4,4,4,
58,31,7,31,
59,49,49,49,
60,"C,A","C,A","C,A",
61,"0.76c, 0, 150, 0.69c+10.50, 150","0.76c,0,150,0.69c+10.5,150","0.76c,0,150,0.69c+10.5,150",
62,"-15,192,0","-15,192,0","-15,192,0",
63,"18.96, 15.84","18.903,15.897","18.96,15.84",
64,P(t) = 850 - 350\cos\!(\frac{\pi}{6}t),P(t)=850-350\cos(\frac{\pi t}{6}),P(t)=850-350\cos(\frac{\pi}{6}t),
65,"-\frac{6}{7},\frac{2}{7}","-\frac{6}{7},\frac{2}{7}","-\frac{6}{7},\frac{2}{7}",
66,2354,2353.64,2354 miles,
67,"7.6(1.09)^t,\ 13.89,\ 5.38","7.6(1.09)^t,13.9,5.4","7.6(1.09)^t,\;13.9,\;5.38",
68,"-2.857,\ 6.986,\ -1.082,\ 3.707,\ -3.707,\ A,\ -12.646,\ 6.932","-2.857,3.760,-2.011,3.707,-3.707,A,-8.124,2.410","-2.857,6.985,-1.082,3.707,-3.707,No,-12.652,6.938",
69,G,"None of the listed options;  \int_0^\pi f(x)\,dx=\frac{\pi^2-2\pi}{2}",G,
70,\frac{5}{56},\frac{5}{56},\frac{5}{56},
71,"29/25,18","\frac{29}{25},18","29/25,18",
72,"-0.8352, -0.9187, 0.3950, -2.3257, Quadrant IV","-0.8352,-0.9187,0.3950,-2.3258,Quadrant IV","-0.8352,-0.9187,0.3950,-2.3258,IV",
73,E,E,E,
74,"[12.306, 25.094]","(12.30,\ 25.10)","(12.3,\;25.1)",
75,x > 21250,x>21250,x > 21250,
76,"-4,-11,3,33,-32,9,-14,-13","-4,-11,3,33,-32,9,-14,-13","-4,-11,3,33,-32,9,-14,-13",
77,"D,D,A","C,D,A","C,D,A",
78,A,A,A,
79,\frac{25}{7},\frac{25}{7},\frac{25}{7},
80,G,G,G,
81,79.41,79.41,\frac{1747}{22},
82,"1.323, 1.677, No, there is not sufficient evidence to support the claim","1.32,1.677,No","1.32,1.68,No",
83,1420,355,165,
84,"-4,5,-11","-4,5,-11","-4,5,-11",
85,F,F,F,
86,16,16,16,
87,"OBSERVATION,OBSERVATION,EXPERIMENT","OBSERVATION,OBSERVATION,EXPERIMENT","OBSERVATION,OBSERVATION,EXPERIMENT",
88,C,C,A,
89,46.57,\frac{326}{7},\frac{326}{7},
90,7n+1,7n+1,7n+1,
91,J,H,J,
92,E,E,E,
93,sWith,51,57,
94,C,C,C,
95,\frac{16}{3},6,,
96,158\%,158\%,158\%,
97,"0,4,4","0,4,4","0,4,4",
98,A,A,A,
99,"-6,12,-6","-6,12,-6","-6,12,-6",
100,\frac{180}{7},\frac{180}{7},\frac{180}{7},
101,"C,C,A,C","C,C,A,C","C,C,A,C",
102,I,I,I,
103,8\sqrt{2},8\sqrt{2},8\sqrt2,
104,\frac{2387\pi}{1800} = 4.166,\frac{2387\pi}{1800},\frac{2387\pi}{1800},
105,"24, 9.11","24,9.11","24,9.11",
106,\frac{13}{6},\frac{13}{6},\frac{13}{6},
107,J,J,J,
108,"72, 12x","72,12x","72,12x",
109,B,B,B,
110,"3,9","A,3,9","3,9",
111,8x^3,8x^3,8x^{3},
112,600,1038,384,
113,\frac{25-2(x+4)^2}{25},\frac{25-2(x+4)^2}{25},\frac{-2x^{2}-16x-7}{25},
114,D,D,D,
115,"11x-1200,11,109,(y+1200)/11,1958","11x-1200,11,109,(y+1200)/11,1958","y=11x-1200,11,109,x=(y+1200)/11,1958",
116,"30,6","30,6","30,6",
117,B,B,B,
118,3.6,\frac{18}{5},\frac{18}{5},
119,"A,C,B,D","A,C,B,D","A,C,B,D",
120,8,8,8,
121,35,35,35,
122,"1174.8,55","1174.8,55","1174.8,55",
123,G,G,G,
124,H,H,G,
125,G,G,G,
126,138000,138000,138000,
127,10.7,10.7,5\ln(\frac{17}{2}),
128,\frac{y-3}{y+3},\frac{y-3}{y+3},\frac{y-3}{y+3},
129,"5/\sin(t),\ \sqrt{7},\ -3\cos(t),\ 2\sqrt{2}\tan(t)","\frac{5}{\sin t},\sqrt{7},-3\cos t,2\sqrt{2}\tan t","5\csc t,\ \sqrt{7},\ -3\cos t,\ 2\sqrt{2}\,|\,\tan t\,|",
130,r^{42},r^{42},r^{42},
131,0.1084,0.1075,0.108,
132,10.8,10.8,10.8 miles,
133,"-\frac{\sqrt{3}}{2},\,\frac{1}{2},\,-\sqrt{3},\,2","-\frac{\sqrt3}{2},\frac12,-\sqrt3,2","-\frac{\sqrt{3}}{2},\frac{1}{2},-\sqrt{3},2",
134,"1,5,12,20,26,30,31,27.625","1,5,12,20,26,30,31,27.625","1,5,12,20,26,30,31,28",
135,\frac{3}{5},\frac{3}{5},\frac{3}{5},
136,"A,C","A,C","A,B",
137,"2/13,2/1","2/13,2/1","2/13,2/1",
138,7237,7236.81,7236.81 feet,
139,"201, \frac{1}{n(n+1)}","201,\frac{1}{n(n+1)}","201,\frac{1}{n(n+1)}",
140,2744,2744,2744,
141,A,A,A,
142,"7, 8, 9, 10, 11","7, 8, 9, 10, 11","7,8,9,10,11",
143,"0,-8,0,6,3,3\sqrt{3}","(0,-8),(0,6),(3,3\sqrt3)","(0,-8),(0,6),(3,3\sqrt3)",
144,H,E,C,
145,"x/5280,\ 4.735,\ 25000","\frac{x}{5280},4.73,25000","x/5280,4.7348,25000",
146,F,F,F,
147,I,I,I,
148,A,A,A,
149,6.85,6.85,6.86,
150,A,A,A,
151,36,36,1,
152,J,J,874,
153,B,B,B,
154,\18.75,\18.75,18.75,
155,12.17,12.17 ft,12.17,
156,H,H,H,
157,"-7\cos(0.1t)+50\sin(0.1t),\ 46.31","-7\cos(0.1t)+50\sin(0.1t),46.3007","7\cos(0.1 t)-50\sin(0.1 t),-46.31",
158,"A,C","A,C","A,C",
159,"0.07, 0.007, 0.0007","0.07,0.007,0.0007","0.07,0.007,0.0007",
160,"\frac{22+x}{y},Identity Property of Multiplication","\frac{22+x}{y},\frac{22+x}{y},Identity Property of Multiplication","\frac{22+x}{y},Multiplicative Identity Property",
161,\dbinom{2024}{1012},\binom{2024}{1013},2^{2023},
162,B,B,B,
163,"9,-5,4","9,-5,4","9,-5,4",
164,G,H,G,
165,I,I,F,
166,175(\frac{1}{4})^n,175(\frac14)^n,175(\frac14)^{n},
167,"B,A,B,B","Negative,Negative,Positive,Negative","Negative,Negative,Positive,Negative",
168,"A,C,B,B","A,C,B,B","C,C,B,B",
169,400\%,400\%,400\%,
170,F,C,7,
171,20,20,20,
172,\frac{1320}{3721},\frac{1320}{3721},\frac{1320}{3721},
173,C,C,C,
174,"7, \frac{7}{8}","7,\frac{7}{8}","7,\frac{7}{8}",
175,I,I,I,
176,\frac{p - 6k - m}{8},\frac{p-6k-m}{8},\frac{p-6k-m}{8},
177,H,H,E,
178,C,C,C,
179,"29,3,21,1,21,4,19,4,23,3","29,3,21,1,21,4,19,4,23,3","29,3,21,1,21,4,19,4,23,3",
180,-\frac{7}{2}+\frac{1}{2}m,\frac{1}{2}m-\frac{7}{2},\frac12 m - \frac72,
181,A,A,D,
182,E,H,E,
183,D,D,D,
184,J,E,G,
185,"T,F,T,F,T","T,F,T,F,T","T,F,T,F,T",
186,D,D,D,
187,"1.0734, 0.0474, 0.7673, 0.7611, 38, 36, 2, 44, 43","1.1027,0.0424,0.7113,0.7160,46,44,2,51,49",0.3,
188,"60,60,60","60,60,60","60,60,60",
189,850a+1200r=35000,850a+1200r=35000,850a+1200r=35000,
190,-\frac{21}{8},-\frac{21}{8},-\frac{21}{8},
191,"D,A,C,B,E","D,A,C,B,E","D,A,C,B,E",
192,"1.06,(1.88, infty),0.1446,A","0.86,(1.88,\mathrm{infty}),0.1953,A","1.059,(1.88, infty),0.144,Do Not Reject H0",
193,"A, C, D","A,\ C,\ D","A,\;C,\;D",
194,"600, July, 1908, 890, March, 1907","600,September,1907,345,July,1906","600,June,1908,891,February,1907",
195,"(-2.47,\ -0.73)","(-2.386,\,-0.814)","(-2.44,\ -0.76)",
196,"14.7447, 10.3244, 35","14.7447,10.3244,35","14.7447,10.3244,35",
197,"3,4","3,4","3,4",
198,5,0,24,
199,27,51,72,
200,I,I,I,
201,(5t+8)^2,(5t+8)(5t+8),(5t+8)(5t+8),
202,\frac{54}{35},\frac{54}{35},\frac{54}{35},
203,I,I,I,
204,B,E,F,
205,"\frac{3}{4},\frac{11}{20}","\frac34,\frac{11}{20}","3/4,11/20",
206,4,4,4,
207,\frac{14}{5},\frac{14}{5},\frac{14}{5},
208,"16.2, \frac{720}{49\pi}","\frac{81}{5},\frac{720}{49\pi}","\frac{81}{5},\frac{720}{49\pi}",
209,B,B,B,
210,"-\frac{16\sqrt{33}+49\sqrt{3}}{15},\,\frac{2x}{1+x^2}","-\frac{25\sqrt3+16\sqrt{33}}{15},\frac{2x}{1+x^2}","-\frac{(49+16\sqrt{11})\sqrt{3}}{15},\frac{2x}{1+x^{2}}",
211,I,G,I,
212,J,J,J,
213,\frac{2}{9},\frac{2}{9},\frac{2}{9},
214,"11,F,10,T","11,F,10,T","11,F,10,T",
215,752,752,752,
216,60,60,60,
217,C,C,C,
218,\arcsin\!(\frac{7}{10}),\arcsin(\frac{7}{10}),0.775,
219,27,27,27,
220,A,A,A,
221,2750,2750,2750,
222,"1005, C",C,F,
223,A,A,A,
224,2643,2643,2643,
225,"0.6253, 4, 2.776, A","0.600,4,2.776,A","0.625,4,2.776",
226,8,8,8,
227,"A,C","A,C","A,C",
228,v^7,v^7,v^{7},
229,n-1,n-2,"\,k=n-1\,",
230,x = \frac{\ln(0.32)}{\ln(1.6)} = -2.424,\frac{\log(8/25)}{\log(1.6)},-2.424 (approximately),
231,y = \frac{147}{31} + \frac{16}{31}x,y=\frac{16}{31}x+\frac{1029}{217},"y=\frac{147}{31}+\frac{16}{31}\,x",
232,"40, 37, 3","40,37,3","40,37,3",
233,"1.96, -1.96, -5.18, B","1.96,-1.96,-5.18","1.96,-1.96,-5.17,B",
234,29x^7 + 6x^5,29x^7+6x^5,29x^{7}+6x^{5},
235,B,B,B,
236,"6e,-6","6e,-6","6e,-6",
237,50\%,50\%,50\%,
238,"-61,\,61,\,62","-61,61,62","-61,61,62",
239,"35, 3.45","35,3.449","35,\ \frac{15}{4}\sqrt{\frac{11}{13}}",
240,"12,4.9,3.3","12,4.9,3.3","12,4.9,3.3",
241,B,B,B,
242,"241.22, 239.5, 233, 162.89, 12.76, 5.29\%","241.22,239.5,233,205.48,14.33,5.94\%","241.22,239.5,233,221.71,14.90,0.062",
243,"0.8925, 0.2150","0.8925,0.2150","0.8925,0.2150",
244,F,F,F,
245,980,980,980,
246,"25,23,17,23,19","25,23,17,23,19","25,23,17,23,19",
247,"A = 37.062,\ N(t) = \frac{2474}{1+37.062e^{-0.53t}},\ N(25) = 2474","\frac{2409}{65},\frac{2474}{1+\frac{2409}{65}e^{-0.53t}},2473.84","\frac{2409}{65},\;\frac{2474}{1+\frac{2409}{65}e^{-0.53t}},\;2473.84",
248,180,0,180,
249,G,G,G,
250,cohomological,126,48,
251,172.7\%,172.7\%,172.7\%,
252,C,C,C,
253,E,I,E,
254,H,H,H,
255,E,A,E,
256,"-30,30","-30,30","-30,30",
257,"2.52, 3.00, A","2.52,3.00,A","2.52,3.00,A",
258,C,C,C,
259,B,Cannot be determined from the information provided,B,
260,"-22,8","-22,8","-22,8",
261,4,4,4,
262,"850-50t,\ 1480-140t,\ 7","850-50t,1480-140t,7","850-50t,\;1480-140t,\;7",
263,E,H,H,
264,256 pi t^2,256\pi t^2,256\pi t^{2},
265,"A,D","A,D","A,D",
266,D,B,G,
267,C,,C,
268,"4450,14",,"4450,14",
269,"1.755, 0.32, B",,"1.79,0.32,B",
270,1.26,,1.26,
271,"0, 4, -4",,"-4,0,4",
272,B,,B,
273,"-\cos^2(x),\,1,\,2\cos^2(x)",,"-\cos^{2}(x),1,2\cos^{2}(x)",
274,G,,G,
275,2025 \cdot 10^{2024},,No such positive integer k exists,
276,"(1373/2744,\ 0),\ none",,"(1373/2744,0),none",
277,"\38{,}800.00",,"\38,800.00",
278,38,,38,
279,J,,J,
280,H,,H,
281,"-0.4618, 0.8870, -0.5206, -2.1655",,"-0.4618,0.8870,-0.5206,-2.1655",
282,e^2,"-e^2,\ e^2","e^{2}, -e^{2}",
283,114,,114,
284,F,,E,
285,147,,441,
286,H,,H,
287,"212, 136",,"212,136",
288,"96(0.9)^n,\ 27.113,\ 44",,"96(0.9)^{n},27.1,44",
289,"4,9",,"4,9",
290,C,,C,
291,2304,,2304,
292,-2-\sqrt{3},,-2-\sqrt{3},
293,P(t) = 2025t - 4300,,P(t)=2025t-4300,
294,"42,7,6",,"43.2,7.2,6",
295,C,,C,
296,"45,180,270",,"45,180,270",
297,"0.24,(-infty, -1.88)U(1.88, infty),0.8104,C",,"0.237,(-infty, -1.88)U(1.88, infty),0.812,Do Not Reject H0",
298,C,,C,
299,"18805.7, no",,"18805.7,no",
300,6500,,6500,
301,"0.878, 57.2",,"0.878,57.2",
302,H,,H,
303,C,,C,
304,G,,G,
305,B,,B,
306,H,,H,
307,4/3,,4/3,
308,12,,12,
309,83000,,83000,
310,"4k+6,\ 5k-11,\ 5y+4",,"4k+6,5k-11,5y+4",
311,10^{3.2} = 1585,,1.58\times10^{3},
312,20,4,7,
313,-\frac{2\sqrt{14}}{15},,-\frac{2\sqrt{14}}{15},
314,"7,-8,-4",,"7,-8,-4",
315,"B,B,A",,"B,B,A",
316,I,,A,
317,H,,D,
318,"8, \arctan\!(\frac{8}{\sqrt{161}})","8,\arcsin(\frac{8}{15})","8,\arctan\!(\frac{8}{\sqrt{161}})",
319,"False,True,True,False",,"False,True,True,False",
320,"The oxygen level returns to normal, 3.73",,"1,3.73",
321,H,,H,
322,"40  ft, 25  ft, 1000  ft^2",,"40 ft,25 ft,1000 ft^2",
323,"[10,12),[-8,-6),[10,18),[-16,-6)",,"[10,12),[-8,-6),[10,18),[-16,-6)",
324,H,,H,
325,"[0, 280],[0, 14]",,"[0,280],[0,14]",
326,"0.67,0.36,0.06",,"0.67,0.36,0.06",
327,7.6,,7.6,
328,"B,D,A,C",,"iii,i,iv,ii",
329,J,,J,
330,"27, 2613.92",,"27,2613.92",
331,H,,H,
332,"778,624",,"778,624",
333,"54,62",,"54,62",
334,F,,F,
335,E,,E,
336,D,,D,
337,H,,H,
338,"y-axis,origin",,"y-axis,\ origin,\ y=x,\ y=-x",
339,G,,G,
340,"A, C, E, F, H",,"A,\ C,\ F,\ H",
341,"x+125,\ x^{11/6}+5x^{3/2}+5x^{1/3}+25",,"x+125,(\sqrt[3]{x}+5)^{2}",
342,"negative, positive, negative, positive, positive",,"negative,positive,negative,positive,positive",
343,"D,A,C,B,E",,"D,A,C,B,E",
344,-5,,-5,
345,"-5/6,5/6",,"-\frac{5}{6},\frac{5}{6}",
346,"0.7,0.07,0.007",,"0.7,0.07,0.007",
347,F,,B,
348,D,,D,
349,-\frac{2}{15},,-\frac{2}{15},
350,"11100,11001,1100111,1101110,101001101,101010100",,"11100,11001,1100111,1101110,101001101,101010100",
351,A,,A,
352,68,,68,
353,"8, C, 5  and  7, D",,"8,C,5,7,D",
354,"mg, g, tonnes, kg, g",,"milligrams,grams,tons,solar masses,ounces",
355,H,,H,
356,F,,F,
357,"320, 0.06569",,"320,\frac{5}{64\sqrt[4]{2}}",
358,B,,B,
359,D,,D,
360,D,,D,
361,180-7x,,180-7x,
362,(6x+5y)(6x-5y),,(6x-5y)(6x+5y),
363,"10000(0.89)^t,\ 4970,\ 19.7534",,"10000*(0.89)^t,4973,19.77",
364,"Y,N,Y,N",,"Y,N,Y,N",
365,C,,C,
366,G,G,G,
367,"60.3°, 46.3°, 53.3°",,"60.3^\circ,46.3^\circ,53.3^\circ",
368,"C,D,D,E",,"C,D,D,E",
369,"3/4,5,2","\frac34,5,2","\frac34,5,2",
370,"y=-5,\ 10",,"y = -5,10",
371,t = \frac{200}{27} = 7.41  years,,7.41,
372,0.51,,0.51,
373,"50.98,\mu,56.86",,"51.15,56.69",
374,4000,,4000,
375,A,,3.72,
376,1275,,2832,
377,B,,B,
378,"0.000142, 0.0000221, 0.000120, 0.1553, 15.53\%",,"0.000142,0.0000220,0.000120,0.155,15.5",
379,480,,480,
380,"0.075, 0.239, 32000, 16710, 38000, 0.00248, 52000",,"0.075,0.239,32000,16710,38000,0.00248,52000",
381,2040,,2040,
382,"10.4,6.1",,"\frac{187}{18},\frac{55}{9}",
383,80,,80,
384,x = \frac{\ln\!(\frac{11}{32}) - 3}{5},,\displaystyle \frac{\ln\!(\frac{11}{32})-3}{5},
385,"A,A,A",,"A,A,A",
386,3,,3,
387,-230,,-230,
388,"4.1, 3.5, 2.9, 1.2, 0",,"4.11\%,3.52\%,2.94\%,1.17\%,0\%",
389,C,,F,
390,"\frac{3}{25}, -\frac{15}{14}",,"3/25,-15/14",
391,C,I,B,
392,81,,81,
393,"\frac{1}{10}arccos(\frac{x-6}{16}), -10, 22",,"(1/10)\,arccos\!(\frac{x-6}{16}),-10,22",
394,H,,H,
395,"85/3, -95/4, -10/7",,"\frac{85}{3},-\frac{95}{4},-\frac{10}{7}",
396,"(-inf,5),(-3,5]",,"(-inf,5),(-3,5]",
397,"256\pi, \frac{2048\pi}{3}",,"256\pi,\frac{2048\pi}{3}",
398,A,,A,
399,E,,E,
400,E,,E,
401,"\frac{450°}{\pi},\ 240°,\ \frac{165°}{\pi},\ -135°",,"\frac{450}{\pi},240,\frac{165}{\pi},-135",
402,J,J,J,
403,J,,J,
404,52,,52\%,
405,F,,,
406,-7,,-7,
407,C,,C,
408,"5816/9999, 3017/99990, 574/999, 653/9990, 428/999",,"\frac{5816}{9999},\frac{3017}{99990},\frac{574}{999},\frac{3268}{49995},\frac{428}{999}",
409,"(-2.86, 7.08), (-0.10, 4.32)","(-5.0535,11.3001),(-0.5134,6.7599)","[-3.77,7.98],[-0.51,4.72]",
410,"45°, 4  seconds",,"45^\circ,\;4 s",
411,\frac{392\pi}{45},,\frac{392\pi}{45},
412,\frac{4\sqrt{78}-35}{72},,\frac{4\sqrt{78}-35}{72},
413,"0.893, (1.855, infty), 0.20, A","0.893,(1.77,\mathrm{infty}),0.20,\mathrm{A}","0.89,(2.30, infty),0.20,Do Not Reject H0",
414,I,,I,
415,"\sqrt{A/6},\ A,\ (A/6)^{3/2},\ A",,"\sqrt{\frac{A}{6}},A,(\frac{A}{6})^{\frac{3}{2}},A",
416,"11,16",,"11,16",
417,"1.006, 0.97, 28, 29.1, 1.039",,"1.0056,0.9675,28,29.1,1.0393",
418,"2.958, 1.75, 0.0015, B",,"2.96,1.75,0.0016,B",
419,n^2,,"2n\,(n-1)",
420,H,,H,
421,"-\frac{9\sqrt{5}}{20},\ -\frac{\sqrt{5}}{20}",,"-\frac{9\sqrt5}{20},-\frac{\sqrt5}{20}",
422,(N+1)(4N^2+2N+1),,\displaystyle\frac{(2N+1)^3+1}{2},
423,-0.5,,-\frac12^\circ,
424,"parameter,parameter,statistic,statistic",,"parameter,parameter,statistic,statistic",
425,7,,7,
426,11,11,11,
427,E,No listed option,E,
428,"43,55",,"43,55",
429,A,,A,
430,E,,E,
431,"5, 42",,"5,42",
432,"1.2036, 2.1294, 4.3452, 5.2710",,"1.209,\; 2.129,\; 4.351,\; 5.271",
433,C,,C,
434,A,,A,
435,"0.446, 0.537, A",,"0.446,0.537,A",
436,20,,20,
437,"(76.37, 79.63)","(76.37, 79.63)","(76.37, 79.63)",
438,"5,9,1,10,2,0,10,x^3y^7,1",,"5,9,1,10,2,0,10,x^3 y^7,1",
439,-\frac{4}{13},,-\frac{4}{13},
440,G,,G,
441,260,,260,
442,H,,E,
443,G,,G,
444,"113,35,112,61,148,43",,"113,35,112,61,148,43",
445,G,,129,
446,"1.872, 0.972",,"1.873,0.972",
447,x \leq 4,,x\le 4,
448,"x^3-4x^2-6x+30,\ x^2-9x+20",,"x^3-4x^2-6x+30,\;x^2-9x+20",
449,"3.585, 0.0008, B",,"3.585,0.0004,B",
450,I,A,I,
451,"0.129032258064516,0.193548387096774,0.209677419354839,14,0.177419354838710,0.064516129032258","0.129032258064516,0.193548387096774,0.209677419354839,14,0.177419354838710,0.0645161290322581","0.129032258064516,0.193548387096774,0.209677419354839,14,0.17741935483871,0.064516129032258",
452,42,42,42,
453,1013,1350,2,
454,"1.5, 0.9375","1.5,\frac{15}{16}","1.5,15/16",
455,C,C,C,
456,"-7.71, A, B","-7.83,A,B","-2.80,A,B",
457,C,C,G,
458,5,3,3,
459,"\sin^2(A),\ \frac{\cos(A)}{\sin(A)},\ \sec^2(A),\ \frac{1}{\tan(A)},\ \frac{1}{\sin(A)}","\sin^2(A),\frac{\cos(A)}{\sin(A)},\sec^2(A),\frac{1}{\tan(A)},\frac{1}{\sin(A)}","\sin^{2}(A),\frac{\cos(A)}{\sin(A)},\sec^{2}(A),\frac{1}{\tan(A)},\frac{1}{\sin(A)}",
460,"F,F,T,T,T,T,F","F,F,T,T,T,T,F","F,F,T,T,T,T,F",
461,"2, 302","2,302","2,302",
462,"-7,8","-7,8","-7,8",
463,J,J,D,
464,G,G,G,
465,H,H,H,
466,26.9,26.9,26.9,
467,"C=0.0267w+0.03, A, A, 5.0","C= 0.0267w+0.033,\ A,\ A,\ 4.97",5.0,
468,"0.671, 0.882","0.6714,0.8816","0.671,0.882",
469,"s^2,\ 0.1575A,\ 0.1575s^2,\ C,\ 81,\ A 9-ft square deck has area 81 sq ft,\ 14.175,\ Cost to stain 90 sq ft is \14.175,\ 19.0575,\ Cost to stain an 11-ft square deck is \19.0575","s^2,0.1575A,0.1575s^2,C,81,square feet,14.175,dollars,19.0575,dollars","s^2,0.1575 A,0.1575 s^2,C,81,14.175,19.0575",
470,"1.96, 2.201, 2.326, 2.718, 2.576, 3.106","1.960,2.201,2.326,2.718,2.576,3.106","1.96,2.20,2.33,2.72,2.58,3.11",
471,C,C,C,
472,I,I,I,
473,"[-7,-3]","[-7,-3]","[-7,\,-3]",
474,C,E,C,
475,1,\frac{2}{3},\frac13,
476,G,G,G,
477,"A,C","A,C","A,C",
478,-3/10,-\frac{3}{10},-\frac{3}{10},
479,"40.36, 43.64, 40.01, 43.99","40.357,43.643,40.011,43.989","40.36,43.64,40.01,43.99",
480,"2.5,2.5","2.5,2.5","2.5,2.5",
481,A,A,A,
482,H,H,H,
483,A,None of the listed options,A,
484,C,C,C,
485,135,135,135,
486,B,B,B,
487,"-21.1, -0.9637","-21.1,-0.961","-21.1,-0.964",
488,2051326,4050,4050,
489,385,385,385,
490,"23  BTUs per square foot, 410  square feet","23,BTUs/ft^2,410,ft^2","23,BTU/ft^2,410,ft^2",
491,"1255.37, 1091.05, 1419.69, No, Central Limit Theorem","1255.37,1091.05,1419.69,No,Central Limit Theorem","1255.37,1091.05,1419.68,No,Central Limit Theorem",
492,"A,A","A,A","A,A",
493,"14.67, B, 0.0687, 0.1083","14.56,B,0.0687<(p_1-p_2)<0.1083","14.68,Yes,0.069,0.108",
494,"7, 0.062","7,0.062","7,0.062",
495,"100, 100, 200, 0.255, 5.99, B","100,100,200,0.255,5.991,B","100,100,200,0.255,5.99,B",
496,99.594,9.594^\circ,99.6^\circ,
497,"1.1106, 88.8065, 88.8065, 0.9004","1.1106,88.8065^\circ,88.8065^\circ,0.9004","1.1106,\;88.81,\;88.81,\;0.9005",
498,"probably a small number like 7, 8, 9, 10, or something reasonable.

Wait, let me re-read the problem. ""A list of positive integers."" The mean is 8, median is 13, mode is 15, range is 27.

Hmm, mean=8 < median=13 < mode=15. This is unusual (usually mean < median < mode for left-skewed data, but here the mode is the highest of the three).

Range = 27. Max - min = 27.

Let me reconsider: maybe min doesn't have to be 1. The minimum just needs to be a positive integer. And max = min + 27.

For the mean to be 8, we need many small values. The smallest positive integer is 1.

But wait — what if the list has many small values AND the mode is 15? The mode being 15 means 15 appears more than any other single value. But we could have, say, 15 appearing 3 times and every other value appearing at most 2 times.

Let me reconsider n=7:
sum=56, median=4th element=13.
Mode=15 (≥2 times), range=27 (max-min=27).

If 15 appears 2 times, they must be in positions 5,6,7 (since 15>13).
Max must be ≥ 15. If max=15, range=27 → min=15-27=-12 (not positive). So max>15.
Max ≥ 28 (since min ≥ 1 and range=27).

Wait, actually max doesn't have to be 28. If min=1, max=28. If min=2, max=29. Etc.

But for minimum sum (mean=8 is small), we want min=1, max=28.

For n=7: a,b,c,13,d,e,f with a=1, some value=28.
15 appears 2 times. 28 appears once.
If d=15, e=15, f=28: sum = 1+b+c+13+15+15+28 = 72+b+c = 56 → b+c = -16. Impossible.

If e=15, f=15... but then max=15, range=27 → min=-12. Not positive.

So for n=7, impossible.

For n=8: sum=64.
Median=avg(a4,a5)=13.
Min=1, max=28, mode=15 (appears ≥2 times).
15s in positions 6,7,8 (or some subset), 28 in position 8.

1,b,c,d,e,15,15,28 where d+e=26, d≤e≤15.
d+e=26, e≤15 → d≥11.
Sum = 1+b+c+26+30+28 = 85+b+c = 64 → b+c = -21. Impossible.

For n=9: sum=72.
1,b,c,d,13,e,15,15,28 (mode=15 appears 2 times; 28 is max).
But wait, need 15 to",15,,
499,"36.9, 0.3225, 32.25, 2.149","36.9,0.3226,32.26,2.149","36.9,0.3225,32.25,2.150",
500,J,J,J,
501,F,F,F,
502,8/11,\frac{8}{11},\frac{8}{11},
503,"y = -43000x + 833000,\ \446{,}000,\ 2019","y=-43000x+833000,446000,2019","y=-43000x+833000,446000,2019",
504,"-\frac{3}{2},-\frac{3\sqrt{3}}{2}","-\frac32,-\frac{3\sqrt3}{2}","-\frac{3}{2},-\frac{3\sqrt{3}}{2}",
505,"1,3,6,-5,-4,2","1,3,6,-5,-4,2","1,3,6,-5,-4,2",
506,J,A,,
507,C,I,I,
508,\frac{n(n-1)}{2},\frac{n(n-1)}2,\frac{n(n-1)}2,
509,H,H,H,
510,2/3,\frac{3}{2},1,
511,I,I,I,
512,64p^2+64p+16,64p^2+64p+16,64p^2+64p+16,
513,"-1.41, 1.41, 1.75","-1.4051,1.4051,1.7507","-1.405,1.405,1.75",
514,I,I,I,
515,"-8, 1, 12, 19","-8, 1, 12, 19","-8, 1, 12, 19",
516,"7, -11, 4, 0","7,-11,4,0","7,-11,4,0",
517,E,E,E,
518,E,E,E,
519,"426.2, 5090, 98.33","427.5813419821836,5086.650065113366,46.42814040782384","426.272,5090.41,98.27",
520,44,44,44,
521,F,F,F,
522,"x = -0.472, \, 0.472","-0.472,\ 0.472","-0.472,\;0.472",
523,2097150,2097150,762,
524,I,E,H,
525,H,H,,
526,y = 128x^4 + 16x^2 + 4,y=128x^4+16x^2+4,y = 128x^{4} + 16x^{2} + 4,
527,"8, 700, x, 25000, 286","8,700,25000,\frac{2000}{7}","8,700,x,25000,2000/7",
528,"43185, 2069","43164,2069","43196,2070",
529,\frac{429}{20},\frac{429}{20},\frac{429}{20},
530,"8/9,7/9,5","8/9,7/9,5","8/9,7/9,5",
531,"C, D, F, H","C,\ D,\ F,\ H","C,D,F,H",
532,I,I,I,
533,0.0564,0.056,0.057 (approximately),
534,G,G,G,
535,"x=-4, x=-6","-4,\,-6","-4,\,-6",
536,E,E,E,
537,42,42,42,
538,E,A,E,
539,"4,5","7,8","4,5",
540,"A,B,C","A,B,A","A,B,C",
541,5,5,5,
542,"285, 8389.25, 91.59, A","285,\frac{59540}{9},\frac{\sqrt{59540}}{3},A","285,\frac{67114}{9},\frac{\sqrt{67114}}{3},A",
543,"\1.43,\0.54","\1.43,\0.54","\0.70,\0.54",
544,A,A. It is a power function.,A,
545,400000,400000,400000,
546,"92,126,146,72,172","92,126,146,72,172","92,126,146,72,172",
547,H,H,H,
548,"x + 0.20x = 144, \120.00","x+0.20x=144,\120.00","1.20x = 144,\120.00",
549,J,B,J,
550,J,"None of the listed options;  \iiint_E z\,dV=\frac{109}{450}",D,
551,\sqrt{28},\sqrt{28},2\sqrt7,
552,"36312, 33140","36332.24,33119.50","33141,36311",
553,"24, 1.6","24,\frac{8}{5}","24,1.6",
554,A,D,A,
555,"1.11, 0.1335","1.11,0.1335","1.11,0.133",
556,D,C,C and D,
557,5,5,5,
558,f(x) = 6.5x - 25,f(x)=\frac{13}{2}x-25,f(x)=\frac{13}{2}x-25,
559,-280,-280,-280,
560,"C, A, A","C,A,A","C,A,A",
561,E,E,E,
562,H,H,D,
563,20\%,20\%,20\%,
564,D,D,D,
565,"-7.006,-7.06,-7.6","-7.006,-7.06,-7.6","-7.006,-7.06,-7.6",
566,3,3,3,
567,"A,A","A,A","A,A",
568,"-10, 3","-10,3","-10,3",
569,B,B,B,
570,E,H,I,
571,B,F,E,
572,"8,-6,6,8","8,-6,6,8","8,-6,6,8",
573,\frac{17}{72},\frac{17}{72},\frac{17}{72},
574,CE,C and E,"C,E",
575,G,G,G,
576,"\frac{5}{2},\frac{1}{2}","\frac{5}{2},\frac{1}{2}","\frac{5}{2},\frac{1}{2}",
577,F,F,F,
578,"7.62, 9.00, 95.44","7.62,9.00,95.44","7.624,8.996,95.44",
579,C,C,C,
580,D,D,D,
581,F,F,F,
582,1035,1035,1035,
583,118,119,119,
584,"7z, 6w","7z,6w","7z,6w",
585,"-0.2235, 2.262, -2.262, No","-0.224,2.262,-2.262,No,fail to reject H_0","-0.235,2.228,-2.228",
586,"2.0, -2.0, 0.2, -0.1","1.0123,-0.5011,-0.0446,0.0016","1.89,-0.934,0.111,-0.0298",
587,"B,C,D,E,F,J \quad|\quad C \quad|\quad A,B,C \quad|\quad A,B","a: B,C,D,E,F,J,\ b: C,\ c: A,B,\ d: A","B,C,D,E,F,J,C,A,B,C,A,C",
588,E,E,E,
589,D,D,D,
590,D,D,D,
591,"2\cos(1),\ 2\sin(1),\ 2\sin(2),\ 2\cos(2),\ \sqrt{10},\ \arctan(3),\ \sqrt{17},\ \arctan(4)","2\cos(1),2\sin(1),2\sin(2),2\cos(2),\sqrt{10},-\arctan(1/3),\sqrt{17},\arctan(4)","\sqrt{10},-\arctan\!(\frac{1}{3}),\sqrt{17},\arctan 4",
592,I,I,I,
593,19.4,19.4,19.44,
594,F,F,F,
595,"A, D, E, G, probability","A,D,E,G,probability","A,D,E,G,probability",
596,G,G,G,
597,B,B,B,
598,G,G,F,
599,1.8123,1.81,1.81,
600,I,I,I,
601,"3s-1,2s+1","3s-1,2s+1,(3s-1)(2s+1)","2s+1,3s-1",
602,"-70.8, 0.719, 53.6","-\frac{791}{112},\frac{23}{32},\frac{1197}{28}","-\frac{7927}{112},\frac{23}{32},\frac{11999}{224}",
603,"C,A,B","C,A,B","C,A,B",
604,J,J,J,
605,45.6,45.6,45.6,
606,E,E,A,
607,"0,0,4,0,0,14,6,6,20,-6,-6,0,-4,-4,10,-4,-4,-12","(0,0,4),(0,0,14),(6,6,20),(-6,-6,0),(-4,-4,10),(-4,-4,-12)","0,0,4,0,0,14,6,6,20,-6,-6,0,-4,-4,10,-4,-4,-12",
608,"B,A,A,1981","B,A,A,1981","NO,YES,A,1967",
609,30\sqrt{85} = 276.6  miles,30\sqrt{85} miles,30\sqrt{85},
610,4\pi,4\pi,4\pi,
611,1.3560,1.356,\sqrt{\frac{57}{31}}= 1.36,
612,"68,81","68,81","68,81",
613,I,I,I,
614,I,I,D,
615,"14,9","14,9","14,9",
616,J,J,J,
617,"left, 7, up, 6","left,7,up,6","7,6",
618,A,A,A,
619,"-3.125, 0.002, A","-3.23,0.0012,A","-3.23,0.0013,A",
620,"1.5119, 2.2857, 2.167, B","\frac{4}{\sqrt7},\frac{16}{7},2.167,B","\frac{4}{\sqrt7},\frac{16}{7},2.167,B",
621,153-k,153-k,153 - k,
622,"3.855, 2.567, Yes","3.85,2.567,Yes","3.86,2.57,Yes",
623,"True,False,False,False,True,True","T,F,F,F,T,T","True,False,False,False,True,True",
624,F,F,F,
625,5(x+2)(x+3),5(x+2)(x+3),5(x+2)(x+3),
626,G,G,G,
627,\frac{32\pi}{3},\frac{163\sqrt{163}\pi}{6},\frac{163\pi\sqrt{163}}{6},
628,"76, 75.7, 75.67, 75.673","76,75.7,75.67,75.673","76,75.7,75.67,75.673",
629,515,17247,1526,
630,"71.981, 564.365","71.981,564.365","71.981,564.365",
631,A,A,A,
632,23,23,23,
633,"B,D,8","B,D,8","B,D,8",
634,109,109,109,
635,"37.6,\ 0.746,\ -25.4","37.6,0.746,-25.4\%","37.6,0.746,-25.4",
636,9901,990100,10101,
637,"A,B,F,C,D,E","A,B,F,C,D,E","A,B,F,C,D,E",
638,"0.151,(-infty, -1.751)U(1.751, infty),0.880,D","0.151,(-infty,-1.751)U(1.751,infty),0.880,D","0.151,(-infty, -1.75)U(1.75, infty),0.880,Do Not Reject H0",
639,3.325,3.325,3.325,
640,G,G,G,
641,"6.4,46.08","6.4,46.08,46.08","6.4,46.1",
642,"6,\,\pi/3,\,13","6,\frac{\pi}{3},13","6,\frac{\pi}{3},13",
643,"True, False, False, True, False","True,False,False,True,False","F,F,F,T,F",
644,B,D,A,
645,129n-11500,129n-11500,129n-11500,
646,B,A,A,
647,E,J,J,
648,"W=11.51+0.83x,\30.60","W=11.51+0.83x,30.60","11.51+0.83x,30.60",
649,300,300,1048575,
650,J,J,J,
651,"73  million,\ 73e^{0.45} = 114.49  million","73,\ 114.49","73,\;73e^{0.45}",
652,142,163,112,
653,"A=60\cdot4^{(4-t)/7},\quad 60\cdot4^{4/7}=132.5 mg,\quad 60\cdot4^{-2/7}=40.4 mg","-\frac{45}{7}t+\frac{600}{7},\frac{600}{7},\frac{330}{7}","A(t)=60\cdot4^{\frac{4-t}{7}},\;60\cdot2^{8/7},\;60\cdot2^{-4/7}",
654,"\sqrt{19},2,2,2","\sqrt{19},2,2,2","\sqrt{19},2,2,2",
655,S = 0.85L,S=0.85L,S = 0.85L,
656,6x^2 - 23x + 15,6x^2-23x+15,6x^{2}-23x+15,
657,"172.517, 187.483, 172.873, 187.127, 0, 5.1672, -10.334, 10.334","180-2\sqrt{14},180+2\sqrt{14},180-2\sqrt{12.7},180+2\sqrt{12.7},0,\sqrt{26.7},-2\sqrt{26.7},2\sqrt{26.7}","180-\frac{\sqrt{1400}}{5},\,180+\frac{\sqrt{1400}}{5},\,180-\frac{\sqrt{1270}}{5},\,180+\frac{\sqrt{1270}}{5},\,0,\,\sqrt{\frac{267}{10}},\,-2\sqrt{\frac{267}{10}},\,2\sqrt{\frac{267}{10}}",
658,A,A,A,
659,29.94,29.91,29.9 (approximately),
660,E,C,C,
661,"r=4+h/1000,\ w=2880/(4+h/1000)^2","r=4+\frac{h}{1000},w=\frac{2880}{(4+\frac{h}{1000})^2}","r=4+\frac{h}{1000},\;w=\frac{2880}{(4+\frac{h}{1000})^{2}}",
662,23,23,23,
663,F,F,F,
664,"\frac{83}{100},\frac{83}{99}","\frac{83}{100},\frac{83}{99}","\frac{83}{100},\frac{83}{99}",
665,B,B,B,
666,"76e^{0.4268t},\ 42.68","76e^{(\frac{\ln(419/76)}{4})t},million dollars,42.78","76e^{0.4268t},42.7",
667,H,H,H,
668,G,G,G,
669,H,H,H,
670,D,D,D,
671,"1.71,113.2","1.71,113.2","1.71,113.2",
672,D,D,D,
673,1166400,437400,2184840,
674,8x+7,8x+7,8x+7,
675,B,B,B,
676,"D,A,A","D,A,A","D,A,A",
677,F,F,F,
678,13960,13960,13960,
679,11,11,11 ft,
680,"0.035, 0.0525, 0.0775, A","0.035,0.0525,0.0775,A","0.035,0.0525,0.0775,concave\ up",
681,"28900, 170, 135, 205","28900,170,135,205","28900,170,135,205",
682,G,G,G,
683,-0.65,-0.65,-0.65,
684,-1.555,-1.55,-1.55,
685,C and D,C  and  D,"C,\ D",
686,D,D,D,
687,24500,24500,24500,
688,2055375,2051325,2053351,
689,"45,43","45,43","45,43",
690,E,H,H,
691,"(19.67, 26.99)","(19.67, 26.99)","(19.67,\;27.00)",
692,1.24,1.24,1.24,
693,"30, y=7.5, 5.5","30,\frac{15}{2},\frac{11}{2}","30,\frac{15}{2},\frac{11}{2}",
694,"C(x)=6750+9x,\ R(x)=36x,\ P(x)=27x-6750,\ 250","C(x)=6750+9x,\ R(x)=36x,\ P(x)=27x-6750,\ 250","6750+9x,36x,27x-6750,250",
695,E,E,E,
696,"x+8,-81","x+8,-8,-81","x+8,-81",
697,60,60,60,
698,-50.92,-50.92,-50.92,
699,"6,3","6,3","6,3",
700,F,F,F,
701,22,22,22,
702,-u^4 - 4u^3 + 3u^2 - 6u - 8,-u^4-4u^3+3u^2-6u-8,-u^{4}-4u^{3}+3u^{2}-6u-8,
703,B,E,B,
704,"3.65, 1.645, B","3.65,1.645,B","3.65,1.645,B",
705,"True,False,False,True","True,False,False,True","True,False,False,True",
706,2047.28,2034.29,2047.23,
707,"5200,2600","5200,2600","5200,2600",
708,"-\frac{9}{2},\frac{9}{2},-\frac{81}{4}","-\frac{9}{2},\frac{9}{2},-\frac{81}{4}","-4.5,4.5,-20.25",
709,E,E,E,
710,"x = 2\pi - \arccos\!(\frac{1}{8}) - 3,\quad x = 2\pi + \arccos\!(\frac{1}{8}) - 3","2\pi-\arccos\!(\frac18)-3,\;2\pi+\arccos\!(\frac18)-3","2\pi-3-\arccos\frac18,\;2\pi-3+\arccos\frac18",
711,A,C,D,
712,"D,D,A","D,D,A","D,D,A",
713,"-3, not real","-3,not real","-3,not real",
714,A,\84.00,84,
715,"5, 7, 9, 13,\ 8.5,\ 6, 7, 8, 9, 10, 11,\ 8.5","5,7,9,13,\frac{17}{2},6,7,9,8,10,11,\frac{17}{2}","5,7,9,13,8.5,6,7,8,9,10,11,8.5",
716,0.5758,\frac{19}{33},\frac{19}{33},
717,7992,7992,7992,
718,"65761800, 72704000, median","66206244.\overline{4},72704000,median","65761800,72704000,median",
719,E,E,E,
720,D,D,D,
721,"D,A,A","C,A,A","A,C,A",
722,2051325,2079444975,2051325,
723,"-\frac{\sqrt{3}}{2},-\frac{\sqrt{2}}{2}","-\frac{\sqrt3}{2},-\frac{\sqrt2}{2}","-\frac{\sqrt3}{2},-\frac{\sqrt2}{2}",
724,\frac{3\sqrt{3}}{2},2,2,
725,"41.302, 13.277, A","41.300,13.277,A","41.30,13.28,Yes",
726,"7,48","7,48","7,48",
727,A,A,A,
728,80000,80000,80000,
729,G,G,G,
730,I,I,I,
731,J,J,J,
732,H,H,H,
733,"68,247,97,17","68,247,97,17","68,247,97,17",
734,"4830, 4.830","4830,4.83","4830,4.83",
735,"28, 42.5, 55, -29, 82, 27, A","28,42.5,55,-29,82,27,A","28,42.5,55,-29,82,27,True",
736,sqrt(30)/2,sqrt(30)/2,sqrt(30)/2,
737,2140,2140,2140,
738,"A,C,A,A","A,C,A,A","A,C,A,A",
739,U = \frac{Q}{1-Z},\frac{Q}{1-Z},\displaystyle U=\frac{Q}{1-Z},
740,\frac{5184}{81\cos^2 t - 64\sin^2 t},\frac{5184}{81\cos^2(t)-64\sin^2(t)},"\displaystyle r^{2}= \frac{5184}{\,81\cos^{2}t-64\sin^{2}t\,}",
741,H,H,H,
742,241.0,241.0,241.0,
743,430,430,430,
744,"26.875, 32.1875","26.875,32.1875","26.875,32.1875",
745,"2\sin(C)\cos(C),\ -\cos(C),\ \frac{2\tan(C)}{1-\tan^2(C)},\ \sin(A)\cos(B)-\cos(A)\sin(B),\ \sin(C),\ \cos(A)\cos(B)+\sin(A)\sin(B),\ \frac{\sin(x)}{1+\cos(x)},\ \cos^2(C)-\sin^2(C)","2\sin C\cos C,\cos A\cos B-\sin A\sin B,\frac{2\tan C}{1-\tan^2 C},\sin A\cos B-\cos A\sin B,\sin A\cos B+\cos A\sin B,\cos A\cos B+\sin A\sin B,\frac{\sin x}{1+\cos x},\cos^2 C-\sin^2 C","2\sin C\cos C,\;\cos A\cos B-\sin A\sin B,\;\frac{2\tan C}{1-\tan^{2}C},\;\sin A\cos B-\cos A\sin B,\;\sin A\cos B+\cos A\sin B,\;\cos A\cos B+\sin A\sin B,\;\frac{\sin x}{1+\cos x},\;\cos^{2}C-\sin^{2}C",
746,"17417,30856,808694,103863,876259,924095,21108","17417,30856,808694,103863,876259,924095,21108","17417,30856,808694,103863,876259,924095,21108",
747,A,A,A,
748,"222.51, 186.49, 79.43, 66.57, 50.05, 41.95, 31.01, 25.99, 20.789, 3, 11.345, B","222.45,186.55,79.43,66.57,50.04,41.96,31.01,25.99,20.81,3,11.345,B","20.80,3,11.34,B",
749,"5{,}5{,}5{,}5{,}5,\ is,\ 14/9{,}19/14{,}24/19{,}29/24{,}34/29,\ is not,\ 5n+9,\ (-1)^{n+1}(5n+9)","5,5,5,5,5,is,14/9,19/14,24/19,29/24,34/29,is not,9+5n,(-1)^{n+1}(9+5n)","5,5,5,5,5, is, 14/9,19/14,24/19,29/24,34/29, is not, 9+5n, (-1)^{n+1}(5n+9)",
750,"36.98, \ln(0.95)= -0.0513, C{,}E","36.98\%,\ln(0.95),C,E","36.98\%,\ln(0.95),C,E",
751,45,31,31,
752,D,D,D,
753,"A, 0.246, A  and  B, 16.6","A,0.246,A,16.6","A,0.25,A,16.7",
754,60x^2+65x,60x^2+65x,60x^{2}+65x,
755,F,F,F,
756,"109.27  feet, 520.16  feet","109.27 ft,520.16 ft","109.27 ft,520.16 ft",
757,C,C. Kevin\ only,C,
758,C,C,C,
759,C,C. normal distribution,C,
760,I,D,I,
761,5f(n-1)+4,f(n)=5f(n-1)+4,5 f(n-1)+4,
762,2x(55x+21),110x^2+42x,2x(55x+21),
763,"4+9, 8\div3","4+9,\frac{8}{3}","9+4,8/3",
764,\frac{(a+b)(a-b)^4}{c^5},\frac{(a+b)(a-b)^4}{c^5},\frac{(a+b)(a-b)^4}{c^5},
765,A,A,A,
766,"4.3750, 7.3333, 11.4286","4.3750,7.3333,11.4286","4.3750,7.3333,11.4286",
767,D,D,D,
768,G,G,G,
769,1620,1620,1620,
770,"3,4,1,3,2,1,2,2,0.5,2","3,4,1,3,2,1,2,2,\frac12,2","3,4,1,3,2,1,2,2,\frac12,2",
771,2,2,2,
772,H,H,H,
773,\frac{3a-14}{3},\frac{3a-14}{3},\frac{3a-14}{3},
774,"24, 28, 33, 39, 42","24,28,33,39,42","24,28,33,39,42",
775,6\sin(x-7)-6,y=6\sin(x-7)-6,y = 6\sin(x-7) - 6,
776,A,17\frac{1}{2},A,
777,8,8,8,
778,I,I,I,
779,F,F,A,
780,3t^{14}+6t^{12}+9t^{10},3t^{14}+6t^{12}+9t^{10},3t^{14}+6t^{12}+9t^{10},
781,sqrt(15)/8,sqrt(15)/8,\frac{\sqrt{15}}{8},
782,-1517,-1517,-1517,
783,H,H,H,
784,\frac{17}{60},\frac{17}{60},\frac{17}{60},
785,"False,True,False,False","False,True,False,False","F,T,F,F",
786,"indeed C and there's a subtlety I'm missing.

Actually, wait. Let me reconsider the problem. The problem says $X$ consists of ""a sequence of ones immediately followed by a sequence of zeros (either sequence may be empty)."" 

If the sequence of ones is empty and the sequence of zeros is non-empty, we get a number like $000...0$, which is not a valid positive integer (it's 0 or has leading zeros). So we need $a \geq 1$.

If the sequence of zeros is empty and the sequence of ones is non-empty, we get $R_a$. For this to be divisible by $505000$, we need $2^3 \cdot",C,"31\,877\,493\,753",
787,"148{,}165{,}614, \ 42, \ 47","16446944,\ 41.56,\ 46.92","147368000,41.6,46.9",
788,A,A,A,
789,"8,8,-8,-8","8,8,-8,-8","8,8,-8,-8",
790,-20x^2+45x-25=0,-20x^2+45x-25=0,-20x^2+45x-25=0,
791,F,F,F,
792,t = \frac{\ln(V/T)}{\ln(h/g)},\frac{\log(V/T)}{\log(h/g)},\displaystyle \frac{\ln(V/T)}{\ln(h/g)},
793,"1.353,(1.476, inf),0.0880,D","1.35,(1.48,\inf),0.0885,D","1.35,(1.5, inf),0.09,Do Not Reject H0",
794,"4.47,4","4.47,4","4.47,4",
795,"450, 2, 6","450,2,6","450,2,6",
796,F,F,F,
797,C,C,C,
798,"245275949/62500, EXTRANEOUS","no real solution,EXTRANEOUS","\frac{245274949}{62500},EXTRANEOUS",
799,8096,8100,8096,
800,140,140,140,
801,G,A,G,
802,26/7,\frac{26}{7},\frac{26}{7},
803,124,124,124,
804,F,F,F,
805,A,J,A,
806,"-\frac{\sqrt{869}}{45},\ -\frac{34}{45},\ \frac{\sqrt{869}}{34},\ \frac{34\sqrt{869}}{869},\ -\frac{45}{34},\ -\frac{45\sqrt{869}}{869}","-\frac{\sqrt{869}}{45},-\frac{34}{45},\frac{\sqrt{869}}{34},\frac{34}{\sqrt{869}},-\frac{45}{34},-\frac{45}{\sqrt{869}}","-\frac{\sqrt{869}}{45},-\frac{34}{45},\frac{\sqrt{869}}{34},\frac{34\sqrt{869}}{869},-\frac{45}{34},-\frac{45\sqrt{869}}{869}",
807,E,E,E,
808,D,B,D,
809,1540,1130,491,
810,F,None of the above,E,
811,1.336 \times 10^{-19},1.336 \times 10^{-19},1.34\times10^{-19}\ grams,
812,\frac{512}{\sin^6(2t)} = r^{12},r^{12}\sin^6 t\cos^6 t=8,"r^{12}=512\,\csc^{6}(2t)",
813,"A,C","A,C","A,C",
814,"5, 4.7256, 0.9451, 1.224, 30, 23.1567, 0.7719, 35, 27.8822","5,3.1636,0.6327,0.9293,30,20.4244,0.6808,35,23.5881","5,4.73,0.95,1.22,30,23.16,0.77,35,27.88",
815,H,H,H,
816,"8.7, 10.53","8.7,10.5333\ldots","8.7,\;\frac{158}{15}",
817,\frac{88}{21},\frac{88}{21},\frac{88}{21},
818,"6b+5a,ab","6b+5a,ab","6b+5a,ab",
819,E,E,E,
820,15,15,15,
821,"C,A,A,A","C,A,A,A","C,A,A,A",
822,200,\frac{700\pi}{11},\frac{700\pi}{11} miles per hour,
823,230,501,1436,
824,C,C,C,
825,D,D,D,
826,1800,1800,1800,
827,H,H,H,
828,"99.63, 110.37","99.63,\mu,110.37","99.63,110.37",
829,8464,8464,8464,
830,9.22,\frac{44\pi}{15},\frac{44\pi}{15},
831,E,E,E,
832,J,J,J,
833,"-19/3, 3/4, 48/6, 40/3","-19/3,3/4,48/6,40/3","-19/3, 3/4, 48/6, 40/3",
834,"\frac{\pi}{4},\,\frac{3\pi}{2},\,-\frac{19\pi}{6}","\frac{\pi}{4},\frac{3\pi}{2},-\frac{19\pi}{6}","\frac{\pi}{4},\frac{3\pi}{2},-\frac{19\pi}{6}",
835,126,126,126,
836,15,2025,2025,
837,D,D,D,
838,"(23.66, 28.34)","(23.66, 28.34)","(23.66,\;28.34)",
839,G,G,G,
840,F,F,F,
841,"\sin(40+8\sqrt{x}),\ 5+\sqrt{\sin(8x)}","\sin(40+8\sqrt{x}),5+\sqrt{\sin(8x)}","\sin(40+8\sqrt{x}),\;5+\sqrt{\sin(8x)}",
842,"65.47, 1.552, 6.051, 1.833, B","65.47,1.50,6.26,1.833,B","65.47,1.55,6.05,1.83,B",
843,"2y,10","2y,10",(2y)^{10},
844,J,J,E,
845,5,5,5,
846,"3,1,2,3,-2","3,1,2,3,-2","3,1,2,3,-2",
847,H,H,H,
848,E,E,E,
849,4(n+1),4(n+1),4(n+1),
850,C,C,C,
851,B  and  C,B  and  C,"B,\ C",
852,414.72,414.72,\frac{10368}{25},
853,C,C,C,
854,"-47/8,-47/6","-\frac{47}{8},-\frac{47}{6}","-\frac{47}{8},-\frac{47}{6}",
855,"20000,2000","20000,2000","20000,2000",
856,H,D,D,
857,"A, 0.8974, 0.9146, A, 0.9024, 0.9212","A,0.8967,0.9153,A,0.8996,0.9222","A,0.897,0.915,A,0.902,0.922",
858,"2.300, 1.691, Yes","2.30,1.691,Yes","2.30,2.03,Yes",
859,"1,2,2,4","1,2,2,4","1,2,2,4",
860,22,22,22,
861,G,G,G,
862,I,I,I,
863,\frac{1}{t^{69}},\frac{1}{t^{69}},\frac{1}{t^{69}},
864,"11.67, 25","\frac{35}{3},25","\frac{35}{3},25",
865,\frac{7}{x} - 8,\frac{7}{x}-8,\frac{7}{x} - 8,
866,H,H,H,
867,E,E,E,
868,B,No listed option; correct value is 96,E,
869,"20.5,\ \frac{x+y+xy}{2}","\frac{41}{2},\frac{x+y+xy}{2}","41/2,\,(x+y+xy)/2",
870,D,D,D,
871,G,G,G,
872,"infinity, 0","infinity,0","infinity,0",
873,A,A,G,
874,J,J,J,
875,C,C,C,
876,C,C,C,
877,F,F,F,
878,I,I,I,
879,H,H,H,
880,"\frac{35}{37},\frac{35}{12}","\frac{35}{37},\frac{35}{12}","\frac{35}{37},\frac{35}{12}",
881,D,D,D,
882,"1200,3600","1200,3600","1200,3600",
883,656,657,656 ft,
884,g(x)=(x-59)^2+74,(x-59)^2+74,(x-59)^{2}+74,
885,"18, 139.875, 18, B","18,139.875,18,B","18,\frac{1119}{8},18,B",
886,"A,C","A,C","A,C",
887,I,I,I,
888,I,I,I,
889,"5, 4y","5,4y","5,4y",
890,"A,A,C,6","A,A,C,6","A,A,C,6",
891,A,A,A,
892,69.65,69.65,69.65,
893,"A,C","A,C","A,C",
894,"0.023, 1.484, 2.013, -0.109, 0.301, -0.118, 0.294, 10","0.027,0.465,2.013,-0.131,0.231,-0.133,0.228,10","0.008,1.781,2.013,-0.091,0.283,-0.101,0.273,10",
895,g(x)=35\sqrt{14}(\frac{2}{7})^{x/20},70(\frac{2}{7})^{\frac{x-10}{20}},g(x)=35\sqrt{14}(\frac{2}{7})^{\frac{x}{20}},
896,"False,True,False,False,True,True,False,True","False,True,False,False,True,True,False,True","False,True,False,False,True,True,False,True",
897,84.875,84.875,84.875,
898,48,48,48,
899,D,D,D,
900,"1200,3600","1200,3600","1200,3600",
901,H,H,B,
902,"3,2","9,6","3,2",
903,"A,C","A,C","A,C",
904,A,A,A,
905,"B,C","B,C","B,C",
906,"x=2, x=5","x=2,\ x=5","x=2, x=5",
907,152,450,120,
908,"100(0.83)^t,\ 39.390","100(0.83)^t,100(0.83)^5,39.390","100(0.83)^t,39.390",
909,1520,1520,1520,
910,"1134,16","1134,16","1134,16",
911,A,J,I,
912,6013,6013,6012 ft (approximately),
913,G,G,G,
914,"0.190, 0.247","0.1901,0.2474","0.190,0.247",
915,-2,-2,-2,
916,"3\sqrt{2},\ 6\sqrt{2},\ 18","3\sqrt{2},6\sqrt{2},18","3\sqrt{2},6\sqrt{2},18",
917,"189.8, 246.4, 43","189.8,246.4,43","189.8,246.4,43",
918,C,E,C,
919,\frac{3875}{12012},\frac{3875}{12012},\frac{3875}{12012},
920,178,178,178,
921,D,D,D,
922,B,B,B,
923,"y=-6.2x+297.6,\ 93,\ 48","y=-6.2x+297.6,93,48","y = -6.2x + 297.6,93,48",
924,"n = 55 + 0.2t, \quad 2010","n=55+0.2t,2010","n=55+0.2t,2010",
925,276,266,276,
926,2-6t-3t^2,-3t^2-6t+2,-3t^{2}-6t+2,
927,"False, True, True, True, False, False","False,True,True,True,False,False","False,True,True,True,False,False",
928,E,E,E,
929,"6.086, (-0.72, 3.12), A","6.086,(-0.72,3.12),A","6.086,(-0.72,3.12),A",
930,E,E,E,
931,"3,-3","3,-3","3,-3",
932,26,26,26,
933,E,E,E,
934,J,J,G,
935,H,H,H,
936,\frac{275}{16},\frac{275}{16},\frac{275}{16},
937,640,640,640,
938,\49.88,\49.88,49.88,
939,E,E,E,
940,B,B,B,
941,"A,C,A,A,B,C","A,C,A,A,B,C","A,C,A,A,B,C",
942,36,36,36,
