"id","response"
"0","The answer is \boxed{4,16}"
"1","The answer is \boxed{A}"
"2","The answer is \boxed{-1.46, 1.645, A}"
"3","The answer is \boxed{B}"
"4","The answer is \boxed{-\frac{7}{\sqrt{149}},\frac{10}{\sqrt{149}},-\frac{7}{10}}"
"5","The answer is \boxed{541.30,63.25,135.325,4.2167,32.09}"
"6","The answer is \boxed{148.02}"
"7","The answer is \boxed{328}"
"8","The answer is \boxed{420 mL}"
"9","The answer is \boxed{\frac{L-8x}{6F}}"
"10","The answer is \boxed{E}"
"11","The answer is \boxed{0.939}"
"12","The answer is \boxed{2c+4p=70,11}"
"13","The answer is \boxed{C}"
"14","The answer is \boxed{\displaystyle \frac{\ln 35}{\ln 3}}"
"15","The answer is \boxed{8,NONE}"
"16","The answer is \boxed{501}"
"17","The answer is \boxed{C}"
"18","The answer is \boxed{H}"
"19","The answer is \boxed{E}"
"20","The answer is \boxed{228, 229, 250}"
"21","The answer is \boxed{L(t) = 0.2915t + 56.9333, = 67.43}"
"22","The answer is \boxed{G}"
"23","The answer is \boxed{H}"
"24","The answer is \boxed{1}"
"25","The answer is \boxed{\frac{8}{63},\frac{2}{21},\frac{11}{63},\frac{17}{63},\frac{13}{63},\frac{8}{63},8,14,25,42,55,63}"
"26","The answer is \boxed{I}"
"27","The answer is \boxed{1/3, 2/3, 7/6, 11/6}"
"28","The answer is \boxed{2,70,1,768,2,140}"
"29","The answer is \boxed{38.2\%}"
"30","The answer is \boxed{2944, 664}"
"31","The answer is \boxed{-3,42}"
"32","The answer is \boxed{\sqrt{101},-1,-\frac{7}{2}}"
"33","The answer is \boxed{F}"
"34","The answer is \boxed{J}"
"35","The answer is \boxed{down,\ln p}"
"36","The answer is \boxed{40x^{10}y^9}"
"37","The answer is \boxed{Tommy, Chucky, February 7}"
"38","The answer is \boxed{B}"
"39","The answer is \boxed{475}"
"40","The answer is \boxed{D = 800 - 50d}"
"41","The answer is \boxed{4048}"
"42","The answer is \boxed{No, Yes, A}"
"43","The answer is \boxed{\frac{3}{8},14,28}"
"44","The answer is \boxed{True, True, True, False}"
"45","The answer is \boxed{F}"
"46","The answer is \boxed{1.645, 1.72, 1.96, -1.96, 1.72, B, A}"
"47","The answer is \boxed{F}"
"48","The answer is \boxed{C}"
"49","The answer is \boxed{0.0143}"
"50","The answer is \boxed{140A+150B=5930,\ 3A+4B=142}"
"51","The answer is \boxed{25452_8}"
"52","The answer is \boxed{231,385}"
"53","The answer is \boxed{F}"
"54","The answer is \boxed{1}"
"55","The answer is \boxed{y = 5x^4}"
"56","The answer is \boxed{D,D,A}"
"57","The answer is \boxed{4}"
"58","The answer is \boxed{31}"
"59","The answer is \boxed{49}"
"60","The answer is \boxed{C,A}"
"61","The answer is \boxed{0.76c,0,150,0.69c+10.5,150}"
"62","The answer is \boxed{-15,192,0}"
"63","The answer is \boxed{18.96, 15.84}"
"64","The answer is \boxed{P(t)=850-350\cos(\frac{\pi t}{6})}"
"65","The answer is \boxed{-\frac{6}{7},\frac{2}{7}}"
"66","The answer is \boxed{2354}"
"67","The answer is \boxed{7.6(1.09)^t,13.9,5.4}"
"68","The answer is \boxed{-2.857,\ 6.986,\ -1.082,\ 3.707,\ -3.707,\ A,\ -12.646,\ 6.932}"
"69","The answer is \boxed{G}"
"70","The answer is \boxed{\frac{5}{56}}"
"71","The answer is \boxed{\frac{29}{25},18}"
"72","The answer is \boxed{-0.8352,-0.9187,0.3950,-2.3258,Quadrant IV}"
"73","The answer is \boxed{E}"
"74","The answer is \boxed{[12.306, 25.094]}"
"75","The answer is \boxed{x > 21250}"
"76","The answer is \boxed{-4,-11,3,33,-32,9,-14,-13}"
"77","The answer is \boxed{C,D,A}"
"78","The answer is \boxed{A}"
"79","The answer is \boxed{\frac{25}{7}}"
"80","The answer is \boxed{G}"
"81","The answer is \boxed{79.41}"
"82","The answer is \boxed{1.323, 1.677, No, there is not sufficient evidence to support the claim}"
"83","The answer is \boxed{355}"
"84","The answer is \boxed{-4,5,-11}"
"85","The answer is \boxed{F}"
"86","The answer is \boxed{16}"
"87","The answer is \boxed{OBSERVATION,OBSERVATION,EXPERIMENT}"
"88","The answer is \boxed{C}"
"89","The answer is \boxed{\frac{326}{7}}"
"90","The answer is \boxed{7n+1}"
"91","The answer is \boxed{J}"
"92","The answer is \boxed{E}"
"93","The answer is \boxed{sWith}"
"94","The answer is \boxed{C}"
"95","The answer is \boxed{\frac{16}{3}}"
"96","The answer is \boxed{158\%}"
"97","The answer is \boxed{0,4,4}"
"98","The answer is \boxed{A}"
"99","The answer is \boxed{-6,12,-6}"
"100","The answer is \boxed{\frac{180}{7}}"
"101","The answer is \boxed{C,C,A,C}"
"102","The answer is \boxed{I}"
"103","The answer is \boxed{8\sqrt{2}}"
"104","The answer is \boxed{\frac{2387\pi}{1800}}"
"105","The answer is \boxed{24, 9.11}"
"106","The answer is \boxed{\frac{13}{6}}"
"107","The answer is \boxed{J}"
"108","The answer is \boxed{72, 12x}"
"109","The answer is \boxed{B}"
"110","The answer is \boxed{A,3,9}"
"111","The answer is \boxed{8x^3}"
"112","The answer is \boxed{600}"
"113","The answer is \boxed{\frac{25-2(x+4)^2}{25}}"
"114","The answer is \boxed{D}"
"115","The answer is \boxed{11x-1200,11,109,(y+1200)/11,1958}"
"116","The answer is \boxed{30,6}"
"117","The answer is \boxed{B}"
"118","The answer is \boxed{\frac{18}{5}}"
"119","The answer is \boxed{A,C,B,D}"
"120","The answer is \boxed{8}"
"121","The answer is \boxed{35}"
"122","The answer is \boxed{1174.8,55}"
"123","The answer is \boxed{G}"
"124","The answer is \boxed{H}"
"125","The answer is \boxed{G}"
"126","The answer is \boxed{138000}"
"127","The answer is \boxed{10.7}"
"128","The answer is \boxed{\frac{y-3}{y+3}}"
"129","The answer is \boxed{5/\sin(t),\ \sqrt{7},\ -3\cos(t),\ 2\sqrt{2}\tan(t)}"
"130","The answer is \boxed{r^{42}}"
"131","The answer is \boxed{0.108}"
"132","The answer is \boxed{10.8}"
"133","The answer is \boxed{-\frac{\sqrt3}{2},\frac12,-\sqrt3,2}"
"134","The answer is \boxed{1,5,12,20,26,30,31,27.625}"
"135","The answer is \boxed{\frac{3}{5}}"
"136","The answer is \boxed{A,C}"
"137","The answer is \boxed{2/13,2/1}"
"138","The answer is \boxed{7236.81}"
"139","The answer is \boxed{201, \frac{1}{n(n+1)}}"
"140","The answer is \boxed{2744}"
"141","The answer is \boxed{A}"
"142","The answer is \boxed{7, 8, 9, 10, 11}"
"143","The answer is \boxed{(0,-8),(0,6),(3,3\sqrt3)}"
"144","The answer is \boxed{C}"
"145","The answer is \boxed{\frac{x}{5280},4.73,25000}"
"146","The answer is \boxed{F}"
"147","The answer is \boxed{I}"
"148","The answer is \boxed{A}"
"149","The answer is \boxed{6.85}"
"150","The answer is \boxed{A}"
"151","The answer is \boxed{36}"
"152","The answer is \boxed{J}"
"153","The answer is \boxed{B}"
"154","The answer is \boxed{\18.75}"
"155","The answer is \boxed{12.17 ft}"
"156","The answer is \boxed{H}"
"157","The answer is \boxed{-7\cos(0.1t)+50\sin(0.1t),\ 46.31}"
"158","The answer is \boxed{A,C}"
"159","The answer is \boxed{0.07, 0.007, 0.0007}"
"160","The answer is \boxed{\frac{22+x}{y},Identity Property of Multiplication}"
"161","The answer is \boxed{\dbinom{2024}{1012}}"
"162","The answer is \boxed{B}"
"163","The answer is \boxed{9,-5,4}"
"164","The answer is \boxed{G}"
"165","The answer is \boxed{I}"
"166","The answer is \boxed{175(\frac14)^n}"
"167","The answer is \boxed{Negative,Negative,Positive,Negative}"
"168","The answer is \boxed{A,C,B,B}"
"169","The answer is \boxed{400\%}"
"170","The answer is \boxed{F}"
"171","The answer is \boxed{20}"
"172","The answer is \boxed{\frac{1320}{3721}}"
"173","The answer is \boxed{C}"
"174","The answer is \boxed{7, \frac{7}{8}}"
"175","The answer is \boxed{I}"
"176","The answer is \boxed{\frac{p - 6k - m}{8}}"
"177","The answer is \boxed{E}"
"178","The answer is \boxed{C}"
"179","The answer is \boxed{29,3,21,1,21,4,19,4,23,3}"
"180","The answer is \boxed{\frac{1}{2}m-\frac{7}{2}}"
"181","The answer is \boxed{A}"
"182","The answer is \boxed{E}"
"183","The answer is \boxed{D}"
"184","The answer is \boxed{J}"
"185","The answer is \boxed{T,F,T,F,T}"
"186","The answer is \boxed{D}"
"187","The answer is \boxed{1.0734, 0.0474, 0.7673, 0.7611, 38, 36, 2, 44, 43}"
"188","The answer is \boxed{60,60,60}"
"189","The answer is \boxed{850a+1200r=35000}"
"190","The answer is \boxed{-\frac{21}{8}}"
"191","The answer is \boxed{D,A,C,B,E}"
"192","The answer is \boxed{1.06,(1.88, infty),0.1446,A}"
"193","The answer is \boxed{A, C, D}"
"194","The answer is \boxed{600, July, 1908, 890, March, 1907}"
"195","The answer is \boxed{(-2.47,\ -0.73)}"
"196","The answer is \boxed{14.7447, 10.3244, 35}"
"197","The answer is \boxed{3,4}"
"198","The answer is \boxed{24}"
"199","The answer is \boxed{27}"
"200","The answer is \boxed{I}"
"201","The answer is \boxed{(5t+8)(5t+8)}"
"202","The answer is \boxed{\frac{54}{35}}"
"203","The answer is \boxed{I}"
"204","The answer is \boxed{E}"
"205","The answer is \boxed{\frac{3}{4},\frac{11}{20}}"
"206","The answer is \boxed{4}"
"207","The answer is \boxed{\frac{14}{5}}"
"208","The answer is \boxed{\frac{81}{5},\frac{720}{49\pi}}"
"209","The answer is \boxed{B}"
"210","The answer is \boxed{-\frac{16\sqrt{33}+49\sqrt{3}}{15},\,\frac{2x}{1+x^2}}"
"211","The answer is \boxed{I}"
"212","The answer is \boxed{J}"
"213","The answer is \boxed{\frac{2}{9}}"
"214","The answer is \boxed{11,F,10,T}"
"215","The answer is \boxed{752}"
"216","The answer is \boxed{60}"
"217","The answer is \boxed{C}"
"218","The answer is \boxed{\arcsin\!(\frac{7}{10})}"
"219","The answer is \boxed{27}"
"220","The answer is \boxed{A}"
"221","The answer is \boxed{2750}"
"222","The answer is \boxed{C}"
"223","The answer is \boxed{A}"
"224","The answer is \boxed{2643}"
"225","The answer is \boxed{0.6253, 4, 2.776, A}"
"226","The answer is \boxed{8}"
"227","The answer is \boxed{A,C}"
"228","The answer is \boxed{v^7}"
"229","The answer is \boxed{n-1}"
"230","The answer is \boxed{x = \frac{\ln(0.32)}{\ln(1.6)} = -2.424}"
"231","The answer is \boxed{y = \frac{147}{31} + \frac{16}{31}x}"
"232","The answer is \boxed{40, 37, 3}"
"233","The answer is \boxed{1.96, -1.96, -5.18, B}"
"234","The answer is \boxed{29x^{7}+6x^{5}}"
"235","The answer is \boxed{B}"
"236","The answer is \boxed{6e,-6}"
"237","The answer is \boxed{50\%}"
"238","The answer is \boxed{-61,\,61,\,62}"
"239","The answer is \boxed{35, 3.45}"
"240","The answer is \boxed{12,4.9,3.3}"
"241","The answer is \boxed{B}"
"242","The answer is \boxed{241.22, 239.5, 233, 162.89, 12.76, 5.29\%}"
"243","The answer is \boxed{0.8925, 0.2150}"
"244","The answer is \boxed{F}"
"245","The answer is \boxed{980}"
"246","The answer is \boxed{25,23,17,23,19}"
"247","The answer is \boxed{\frac{2409}{65},\frac{2474}{1+\frac{2409}{65}e^{-0.53t}},2473.84}"
"248","The answer is \boxed{180}"
"249","The answer is \boxed{G}"
"250","The answer is \boxed{cohomological}"
"251","The answer is \boxed{172.7\%}"
"252","The answer is \boxed{C}"
"253","The answer is \boxed{E}"
"254","The answer is \boxed{H}"
"255","The answer is \boxed{A}"
"256","The answer is \boxed{-30,30}"
"257","The answer is \boxed{2.52, 3.00, A}"
"258","The answer is \boxed{C}"
"259","The answer is \boxed{B}"
"260","The answer is \boxed{-22,8}"
"261","The answer is \boxed{4}"
"262","The answer is \boxed{850-50t,1480-140t,7}"
"263","The answer is \boxed{E}"
"264","The answer is \boxed{256\pi t^2}"
"265","The answer is \boxed{A,D}"
"266","The answer is \boxed{G}"
"267","The answer is \boxed{C}"
"268","The answer is \boxed{4450,14}"
"269","The answer is \boxed{1.79,0.32,B}"
"270","The answer is \boxed{1.26}"
"271","The answer is \boxed{-4,0,4}"
"272","The answer is \boxed{B}"
"273","The answer is \boxed{-\cos^2(x),\,1,\,2\cos^2(x)}"
"274","The answer is \boxed{G}"
"275","The answer is \boxed{2025 \cdot 10^{2024}}"
"276","The answer is \boxed{(\frac{1373}{2744},0),none}"
"277","The answer is \boxed{\38{,}800.00}"
"278","The answer is \boxed{38}"
"279","The answer is \boxed{J}"
"280","The answer is \boxed{H}"
"281","The answer is \boxed{-0.4618,0.8870,-0.5206,-2.1654}"
"282","The answer is \boxed{e^2}"
"283","The answer is \boxed{114}"
"284","The answer is \boxed{E}"
"285","The answer is \boxed{147}"
"286","The answer is \boxed{H}"
"287","The answer is \boxed{212, 136}"
"288","The answer is \boxed{96(0.9)^n,\ 27.113,\ 44}"
"289","The answer is \boxed{4,9}"
"290","The answer is \boxed{C}"
"291","The answer is \boxed{2304}"
"292","The answer is \boxed{-2-\sqrt{3}}"
"293","The answer is \boxed{P(t) = 2025t - 4300}"
"294","The answer is \boxed{43.2,7.2,6}"
"295","The answer is \boxed{C}"
"296","The answer is \boxed{45,180,270}"
"297","The answer is \boxed{0.24,(-infty, -1.88)U(1.88, infty),0.8104,C}"
"298","The answer is \boxed{C}"
"299","The answer is \boxed{18805.7, no}"
"300","The answer is \boxed{6500}"
"301","The answer is \boxed{0.878, 57.2}"
"302","The answer is \boxed{H}"
"303","The answer is \boxed{C}"
"304","The answer is \boxed{G}"
"305","The answer is \boxed{B}"
"306","The answer is \boxed{H}"
"307","The answer is \boxed{4/3}"
"308","The answer is \boxed{12}"
"309","The answer is \boxed{83000}"
"310","The answer is \boxed{4k+6,\ 5k-11,\ 5y+4}"
"311","The answer is \boxed{1585}"
"312","The answer is \boxed{20}"
"313","The answer is \boxed{-\frac{2\sqrt{14}}{15}}"
"314","The answer is \boxed{7,-8,-4}"
"315","The answer is \boxed{B,B,A}"
"316","The answer is \boxed{A}"
"317","The answer is \boxed{D}"
"318","The answer is \boxed{8, \arctan\!(\frac{8}{\sqrt{161}})}"
"319","The answer is \boxed{False,True,True,False}"
"320","The answer is \boxed{The oxygen level returns to normal, 3.73}"
"321","The answer is \boxed{H}"
"322","The answer is \boxed{40  ft, 25  ft, 1000  ft^2}"
"323","The answer is \boxed{[10,12),[-8,-6),[10,18),[-16,-6)}"
"324","The answer is \boxed{H}"
"325","The answer is \boxed{[0, 280],[0, 14]}"
"326","The answer is \boxed{0.67,0.36,0.06}"
"327","The answer is \boxed{7.6}"
"328","The answer is \boxed{B,D,A,C}"
"329","The answer is \boxed{J}"
"330","The answer is \boxed{27, 2613.92}"
"331","The answer is \boxed{H}"
"332","The answer is \boxed{778,624}"
"333","The answer is \boxed{54,62}"
"334","The answer is \boxed{F}"
"335","The answer is \boxed{E}"
"336","The answer is \boxed{D}"
"337","The answer is \boxed{H}"
"338","The answer is \boxed{y-axis,origin}"
"339","The answer is \boxed{G}"
"340","The answer is \boxed{A, C, E, F, H}"
"341","The answer is \boxed{x+125,(\sqrt{x^3}+5)(\sqrt[3]{x}+5)}"
"342","The answer is \boxed{negative, positive, negative, positive, positive}"
"343","The answer is \boxed{D,A,C,B,E}"
"344","The answer is \boxed{-5}"
"345","The answer is \boxed{-\frac{5}{6},\frac{5}{6}}"
"346","The answer is \boxed{0.7,0.07,0.007}"
"347","The answer is \boxed{F}"
"348","The answer is \boxed{D}"
"349","The answer is \boxed{-\frac{2}{15}}"
"350","The answer is \boxed{11100,11001,1100111,1101110,101001101,101010100}"
"351","The answer is \boxed{A}"
"352","The answer is \boxed{68}"
"353","The answer is \boxed{8, C, 5  and  7, D}"
"354","The answer is \boxed{mg, g, tonnes, kg, g}"
"355","The answer is \boxed{H}"
"356","The answer is \boxed{F}"
"357","The answer is \boxed{320, 0.06569}"
"358","The answer is \boxed{B}"
"359","The answer is \boxed{D}"
"360","The answer is \boxed{D}"
"361","The answer is \boxed{180-7x}"
"362","The answer is \boxed{(6x-5y)(6x+5y)}"
"363","The answer is \boxed{10000(0.89)^t,\ 4970,\ 19.7534}"
"364","The answer is \boxed{Y,N,Y,N}"
"365","The answer is \boxed{C}"
"366","The answer is \boxed{G}"
"367","The answer is \boxed{60.3^\circ,46.3^\circ,53.3^\circ}"
"368","The answer is \boxed{C,D,D,E}"
"369","The answer is \boxed{\frac34,5,2}"
"370","The answer is \boxed{y=-5,10}"
"371","The answer is \boxed{7.41}"
"372","The answer is \boxed{0.51}"
"373","The answer is \boxed{50.98,\mu,56.86}"
"374","The answer is \boxed{4000}"
"375","The answer is \boxed{\3.72}"
"376","The answer is \boxed{1275}"
"377","The answer is \boxed{B}"
"378","The answer is \boxed{0.000142, 0.0000221, 0.000120, 0.1553, 15.53\%}"
"379","The answer is \boxed{480}"
"380","The answer is \boxed{0.075, 0.239, 32000, 16710, 38000, 0.00248, 52000}"
"381","The answer is \boxed{2040}"
"382","The answer is \boxed{\frac{187}{18},\frac{55}{9}}"
"383","The answer is \boxed{80}"
"384","The answer is \boxed{\frac{\ln(\frac{11}{32})-3}{5}}"
"385","The answer is \boxed{A,A,A}"
"386","The answer is \boxed{4}"
"387","The answer is \boxed{-230}"
"388","The answer is \boxed{4.11\%,3.52\%,2.94\%,1.17\%,0\%}"
"389","The answer is \boxed{F}"
"390","The answer is \boxed{\frac{3}{25}, -\frac{15}{14}}"
"391","The answer is \boxed{B}"
"392","The answer is \boxed{81}"
"393","The answer is \boxed{\frac{1}{10}arccos(\frac{x-6}{16}), -10, 22}"
"394","The answer is \boxed{H}"
"395","The answer is \boxed{\frac{85}{3},-\frac{95}{4},-\frac{10}{7}}"
"396","The answer is \boxed{(-inf,5),(-3,5]}"
"397","The answer is \boxed{256\pi, \frac{2048\pi}{3}}"
"398","The answer is \boxed{A}"
"399","The answer is \boxed{E}"
"400","The answer is \boxed{E}"
"401","The answer is \boxed{\frac{450}{\pi}^\circ,240^\circ,\frac{165}{\pi}^\circ,-135^\circ}"
"402","The answer is \boxed{J}"
"403","The answer is \boxed{J}"
"404","The answer is \boxed{52\%}"
"405","The answer is \boxed{F}"
"406","The answer is \boxed{-7}"
"407","The answer is \boxed{C}"
"408","The answer is \boxed{5816/9999, 3017/99990, 574/999, 653/9990, 428/999}"
"409","The answer is \boxed{(-2.86, 7.08), (-0.10, 4.32)}"
"410","The answer is \boxed{45^\circ,4 s}"
"411","The answer is \boxed{\frac{392\pi}{45}}"
"412","The answer is \boxed{\frac{4\sqrt{78}-35}{72}}"
"413","The answer is \boxed{0.893, (1.855, infty), 0.20, A}"
"414","The answer is \boxed{I}"
"415","The answer is \boxed{\sqrt{\frac{A}{6}},A,(\frac{A}{6})^{3/2},A}"
"416","The answer is \boxed{11,16}"
"417","The answer is \boxed{1.0056,0.9675,28,29.1,1.0393}"
"418","The answer is \boxed{2.958, 1.75, 0.0015, B}"
"419","The answer is \boxed{2n\,(n-1)}"
"420","The answer is \boxed{H}"
"421","The answer is \boxed{-\frac{9\sqrt5}{20},-\frac{\sqrt5}{20}}"
"422","The answer is \boxed{\frac{(2N+1)^3+1}{2}}"
"423","The answer is \boxed{-\frac{1}{2}}"
"424","The answer is \boxed{parameter,parameter,statistic,statistic}"
"425","The answer is \boxed{7}"
"426","The answer is \boxed{11}"
"427","The answer is \boxed{E}"
"428","The answer is \boxed{43,55}"
"429","The answer is \boxed{A}"
"430","The answer is \boxed{E}"
"431","The answer is \boxed{5, 42}"
"432","The answer is \boxed{1.2036, 2.1294, 4.3452, 5.2710}"
"433","The answer is \boxed{C}"
"434","The answer is \boxed{A}"
"435","The answer is \boxed{0.4457,0.5368,A}"
"436","The answer is \boxed{20}"
"437","The answer is \boxed{(76.37, 79.63)}"
"438","The answer is \boxed{5,9,1,10,2,0,10,x^3y^7,1}"
"439","The answer is \boxed{-\frac{4}{13}}"
"440","The answer is \boxed{G}"
"441","The answer is \boxed{260}"
"442","The answer is \boxed{H}"
"443","The answer is \boxed{G}"
"444","The answer is \boxed{113,35,112,61,148,43}"
"445","The answer is \boxed{G}"
"446","The answer is \boxed{1.872, 0.972}"
"447","The answer is \boxed{x\le 4}"
"448","The answer is \boxed{x^3-4x^2-6x+30,\ x^2-9x+20}"
"449","The answer is \boxed{3.585, 0.0008, B}"
"450","The answer is \boxed{I}"
"451","The answer is \boxed{0.129032258064516,0.193548387096774,0.209677419354839,14,0.177419354838710,0.064516129032258}"
"452","The answer is \boxed{42}"
"453","The answer is \boxed{1350}"
"454","The answer is \boxed{1.5, 0.9375}"
"455","The answer is \boxed{C}"
"456","The answer is \boxed{-7.71, A, B}"
"457","The answer is \boxed{G}"
"458","The answer is \boxed{3}"
"459","The answer is \boxed{\sin^2(A),\frac{\cos(A)}{\sin(A)},\sec^2(A),\frac{1}{\tan(A)},\frac{1}{\sin(A)}}"
"460","The answer is \boxed{F,F,T,T,T,T,F}"
"461","The answer is \boxed{2, 302}"
"462","The answer is \boxed{-7,8}"
"463","The answer is \boxed{J}"
"464","The answer is \boxed{G}"
"465","The answer is \boxed{H}"
"466","The answer is \boxed{26.9}"
"467","The answer is \boxed{C=0.0267w+0.03, A, A, 5.0}"
"468","The answer is \boxed{0.671, 0.882}"
"469","The answer is \boxed{s^2,\ 0.1575A,\ 0.1575s^2,\ C,\ 81,\ A 9-ft square deck has area 81 sq ft,\ 14.175,\ Cost to stain 90 sq ft is \14.175,\ 19.0575,\ Cost to stain an 11-ft square deck is \19.0575}"
"470","The answer is \boxed{1.960,2.201,2.326,2.718,2.576,3.106}"
"471","The answer is \boxed{C}"
"472","The answer is \boxed{I}"
"473","The answer is \boxed{[-7,-3]}"
"474","The answer is \boxed{C}"
"475","The answer is \boxed{1}"
"476","The answer is \boxed{G}"
"477","The answer is \boxed{A,C}"
"478","The answer is \boxed{-\frac{3}{10}}"
"479","The answer is \boxed{40.36, 43.64, 40.01, 43.99}"
"480","The answer is \boxed{2.5,2.5}"
"481","The answer is \boxed{A}"
"482","The answer is \boxed{H}"
"483","The answer is \boxed{A}"
"484","The answer is \boxed{C}"
"485","The answer is \boxed{135}"
"486","The answer is \boxed{B}"
"487","The answer is \boxed{-21.1, -0.9637}"
"488","The answer is \boxed{4050}"
"489","The answer is \boxed{385}"
"490","The answer is \boxed{23  BTUs per square foot, 410  square feet}"
"491","The answer is \boxed{1255.37, 1091.05, 1419.69, No, Central Limit Theorem}"
"492","The answer is \boxed{A,A}"
"493","The answer is \boxed{14.67, B, 0.0687, 0.1083}"
"494","The answer is \boxed{7, 0.062}"
"495","The answer is \boxed{100,100,200,0.255,5.991,B}"
"496","The answer is \boxed{9.594^\circ}"
"497","The answer is \boxed{1.1106, 88.8065, 88.8065, 0.9004}"
"498","The answer is \boxed{probably a small number like 7, 8, 9, 10, or something reasonable.

Wait, let me re-read the problem. ""A list of positive integers."" The mean is 8, median is 13, mode is 15, range is 27.

Hmm, mean=8 < median=13 < mode=15. This is unusual (usually mean < median < mode for left-skewed data, but here the mode is the highest of the three).

Range = 27. Max - min = 27.

Let me reconsider: maybe min doesn't have to be 1. The minimum just needs to be a positive integer. And max = min + 27.

For the mean to be 8, we need many small values. The smallest positive integer is 1.

But wait — what if the list has many small values AND the mode is 15? The mode being 15 means 15 appears more than any other single value. But we could have, say, 15 appearing 3 times and every other value appearing at most 2 times.

Let me reconsider n=7:
sum=56, median=4th element=13.
Mode=15 (≥2 times), range=27 (max-min=27).

If 15 appears 2 times, they must be in positions 5,6,7 (since 15>13).
Max must be ≥ 15. If max=15, range=27 → min=15-27=-12 (not positive). So max>15.
Max ≥ 28 (since min ≥ 1 and range=27).

Wait, actually max doesn't have to be 28. If min=1, max=28. If min=2, max=29. Etc.

But for minimum sum (mean=8 is small), we want min=1, max=28.

For n=7: a,b,c,13,d,e,f with a=1, some value=28.
15 appears 2 times. 28 appears once.
If d=15, e=15, f=28: sum = 1+b+c+13+15+15+28 = 72+b+c = 56 → b+c = -16. Impossible.

If e=15, f=15... but then max=15, range=27 → min=-12. Not positive.

So for n=7, impossible.

For n=8: sum=64.
Median=avg(a4,a5)=13.
Min=1, max=28, mode=15 (appears ≥2 times).
15s in positions 6,7,8 (or some subset), 28 in position 8.

1,b,c,d,e,15,15,28 where d+e=26, d≤e≤15.
d+e=26, e≤15 → d≥11.
Sum = 1+b+c+26+30+28 = 85+b+c = 64 → b+c = -21. Impossible.

For n=9: sum=72.
1,b,c,d,13,e,15,15,28 (mode=15 appears 2 times; 28 is max).
But wait, need 15 to}"
"499","The answer is \boxed{36.9, 0.3225, 32.25, 2.149}"
"500","The answer is \boxed{J}"
"501","The answer is \boxed{F}"
"502","The answer is \boxed{\frac{8}{11}}"
"503","The answer is \boxed{y=-43000x+833000,446000,2019}"
"504","The answer is \boxed{-\frac32,-\frac{3\sqrt3}{2}}"
"505","The answer is \boxed{1,3,6,-5,-4,2}"
"506","The answer is \boxed{J}"
"507","The answer is \boxed{I}"
"508","The answer is \boxed{\frac{n(n-1)}{2}}"
"509","The answer is \boxed{H}"
"510","The answer is \boxed{2/3}"
"511","The answer is \boxed{I}"
"512","The answer is \boxed{64p^2+64p+16}"
"513","The answer is \boxed{-1.41, 1.41, 1.75}"
"514","The answer is \boxed{I}"
"515","The answer is \boxed{-8, 1, 12, 19}"
"516","The answer is \boxed{7, -11, 4, 0}"
"517","The answer is \boxed{E}"
"518","The answer is \boxed{E}"
"519","The answer is \boxed{426.2, 5090, 98.33}"
"520","The answer is \boxed{44}"
"521","The answer is \boxed{F}"
"522","The answer is \boxed{-0.472,\ 0.472}"
"523","The answer is \boxed{2097150}"
"524","The answer is \boxed{I}"
"525","The answer is \boxed{H}"
"526","The answer is \boxed{y = 128x^4 + 16x^2 + 4}"
"527","The answer is \boxed{8, 700, x, 25000, 286}"
"528","The answer is \boxed{43185, 2069}"
"529","The answer is \boxed{\frac{429}{20}}"
"530","The answer is \boxed{8/9,7/9,5}"
"531","The answer is \boxed{C, D, F, H}"
"532","The answer is \boxed{I}"
"533","The answer is \boxed{0.0564}"
"534","The answer is \boxed{G}"
"535","The answer is \boxed{-4,\,-6}"
"536","The answer is \boxed{E}"
"537","The answer is \boxed{42}"
"538","The answer is \boxed{E}"
"539","The answer is \boxed{4,5}"
"540","The answer is \boxed{A,B,C}"
"541","The answer is \boxed{5}"
"542","The answer is \boxed{285, 8389.25, 91.59, A}"
"543","The answer is \boxed{\1.43,\0.54}"
"544","The answer is \boxed{A}"
"545","The answer is \boxed{400000}"
"546","The answer is \boxed{92,126,146,72,172}"
"547","The answer is \boxed{H}"
"548","The answer is \boxed{x + 0.20x = 144, \120.00}"
"549","The answer is \boxed{J}"
"550","The answer is \boxed{J}"
"551","The answer is \boxed{\sqrt{28}}"
"552","The answer is \boxed{36312, 33140}"
"553","The answer is \boxed{24, 1.6}"
"554","The answer is \boxed{A}"
"555","The answer is \boxed{1.11, 0.1335}"
"556","The answer is \boxed{D}"
"557","The answer is \boxed{5}"
"558","The answer is \boxed{f(x)=\frac{13}{2}x-25}"
"559","The answer is \boxed{-280}"
"560","The answer is \boxed{C, A, A}"
"561","The answer is \boxed{E}"
"562","The answer is \boxed{H}"
"563","The answer is \boxed{20\%}"
"564","The answer is \boxed{D}"
"565","The answer is \boxed{-7.006,-7.06,-7.6}"
"566","The answer is \boxed{3}"
"567","The answer is \boxed{A,A}"
"568","The answer is \boxed{-10, 3}"
"569","The answer is \boxed{B}"
"570","The answer is \boxed{H}"
"571","The answer is \boxed{E}"
"572","The answer is \boxed{8,-6,6,8}"
"573","The answer is \boxed{\frac{17}{72}}"
"574","The answer is \boxed{C,E}"
"575","The answer is \boxed{G}"
"576","The answer is \boxed{\frac{5}{2},\frac{1}{2}}"
"577","The answer is \boxed{F}"
"578","The answer is \boxed{7.62, 9.00, 95.44}"
"579","The answer is \boxed{C}"
"580","The answer is \boxed{D}"
"581","The answer is \boxed{F}"
"582","The answer is \boxed{1035}"
"583","The answer is \boxed{119}"
"584","The answer is \boxed{7z, 6w}"
"585","The answer is \boxed{-0.2235, 2.262, -2.262, No}"
"586","The answer is \boxed{2.0, -2.0, 0.2, -0.1}"
"587","The answer is \boxed{B,C,D,E,F,J \quad|\quad C \quad|\quad A,B,C \quad|\quad A,B}"
"588","The answer is \boxed{E}"
"589","The answer is \boxed{D}"
"590","The answer is \boxed{D}"
"591","The answer is \boxed{2\cos(1),\ 2\sin(1),\ 2\sin(2),\ 2\cos(2),\ \sqrt{10},\ \arctan(3),\ \sqrt{17},\ \arctan(4)}"
"592","The answer is \boxed{I}"
"593","The answer is \boxed{19.4}"
"594","The answer is \boxed{F}"
"595","The answer is \boxed{A, D, E, G, probability}"
"596","The answer is \boxed{G}"
"597","The answer is \boxed{B}"
"598","The answer is \boxed{G}"
"599","The answer is \boxed{1.81}"
"600","The answer is \boxed{I}"
"601","The answer is \boxed{3s-1,2s+1}"
"602","The answer is \boxed{-\frac{7927}{112},\frac{23}{32},\frac{11999}{224}}"
"603","The answer is \boxed{C,A,B}"
"604","The answer is \boxed{J}"
"605","The answer is \boxed{45.6}"
"606","The answer is \boxed{E}"
"607","The answer is \boxed{0,0,4,0,0,14,6,6,20,-6,-6,0,-4,-4,10,-4,-4,-12}"
"608","The answer is \boxed{B,A,A,1981}"
"609","The answer is \boxed{30\sqrt{85} miles}"
"610","The answer is \boxed{4\pi}"
"611","The answer is \boxed{1.3560}"
"612","The answer is \boxed{68,81}"
"613","The answer is \boxed{I}"
"614","The answer is \boxed{I}"
"615","The answer is \boxed{14,9}"
"616","The answer is \boxed{J}"
"617","The answer is \boxed{left, 7, up, 6}"
"618","The answer is \boxed{A}"
"619","The answer is \boxed{-3.125, 0.002, A}"
"620","The answer is \boxed{\frac{4}{\sqrt7},\frac{16}{7},2.167,B}"
"621","The answer is \boxed{153-k}"
"622","The answer is \boxed{3.855, 2.567, Yes}"
"623","The answer is \boxed{True,False,False,False,True,True}"
"624","The answer is \boxed{F}"
"625","The answer is \boxed{5(x+2)(x+3)}"
"626","The answer is \boxed{G}"
"627","The answer is \boxed{\frac{32\pi}{3}}"
"628","The answer is \boxed{76, 75.7, 75.67, 75.673}"
"629","The answer is \boxed{515}"
"630","The answer is \boxed{71.981, 564.365}"
"631","The answer is \boxed{A}"
"632","The answer is \boxed{23}"
"633","The answer is \boxed{B,D,8}"
"634","The answer is \boxed{109}"
"635","The answer is \boxed{37.6,\ 0.746,\ -25.4}"
"636","The answer is \boxed{9901}"
"637","The answer is \boxed{A,B,F,C,D,E}"
"638","The answer is \boxed{0.151,(-infty, -1.751)U(1.751, infty),0.880,D}"
"639","The answer is \boxed{3.325}"
"640","The answer is \boxed{G}"
"641","The answer is \boxed{6.4,46.08}"
"642","The answer is \boxed{6,\frac{\pi}{3},13}"
"643","The answer is \boxed{True, False, False, True, False}"
"644","The answer is \boxed{A}"
"645","The answer is \boxed{129n-11500}"
"646","The answer is \boxed{A}"
"647","The answer is \boxed{J}"
"648","The answer is \boxed{W=11.51+0.83x,\30.60}"
"649","The answer is \boxed{1048575}"
"650","The answer is \boxed{J}"
"651","The answer is \boxed{73  million,\ 73e^{0.45} = 114.49  million}"
"652","The answer is \boxed{142}"
"653","The answer is \boxed{A=60\cdot4^{(4-t)/7},\quad 60\cdot4^{4/7}=132.5 mg,\quad 60\cdot4^{-2/7}=40.4 mg}"
"654","The answer is \boxed{\sqrt{19},2,2,2}"
"655","The answer is \boxed{S = 0.85L}"
"656","The answer is \boxed{6x^2 - 23x + 15}"
"657","The answer is \boxed{172.517, 187.483, 172.873, 187.127, 0, 5.1672, -10.334, 10.334}"
"658","The answer is \boxed{A}"
"659","The answer is \boxed{29.94}"
"660","The answer is \boxed{E}"
"661","The answer is \boxed{r=4+h/1000,\ w=2880/(4+h/1000)^2}"
"662","The answer is \boxed{23}"
"663","The answer is \boxed{F}"
"664","The answer is \boxed{\frac{83}{100},\frac{83}{99}}"
"665","The answer is \boxed{B}"
"666","The answer is \boxed{76e^{0.4268t},\ 42.68}"
"667","The answer is \boxed{H}"
"668","The answer is \boxed{G}"
"669","The answer is \boxed{H}"
"670","The answer is \boxed{D}"
"671","The answer is \boxed{1.71,113.2}"
"672","The answer is \boxed{D}"
"673","The answer is \boxed{1166400}"
"674","The answer is \boxed{8x+7}"
"675","The answer is \boxed{B}"
"676","The answer is \boxed{D,A,A}"
"677","The answer is \boxed{F}"
"678","The answer is \boxed{13960}"
"679","The answer is \boxed{11 ft}"
"680","The answer is \boxed{0.035, 0.0525, 0.0775, A}"
"681","The answer is \boxed{28900, 170, 135, 205}"
"682","The answer is \boxed{G}"
"683","The answer is \boxed{-0.65}"
"684","The answer is \boxed{-1.55}"
"685","The answer is \boxed{C and D}"
"686","The answer is \boxed{D}"
"687","The answer is \boxed{24500}"
"688","The answer is \boxed{2055375}"
"689","The answer is \boxed{45,43}"
"690","The answer is \boxed{H}"
"691","The answer is \boxed{(19.67, 26.99)}"
"692","The answer is \boxed{1.24}"
"693","The answer is \boxed{30,\frac{15}{2},\frac{11}{2}}"
"694","The answer is \boxed{C(x)=6750+9x,\ R(x)=36x,\ P(x)=27x-6750,\ 250}"
"695","The answer is \boxed{E}"
"696","The answer is \boxed{x+8,-81}"
"697","The answer is \boxed{60}"
"698","The answer is \boxed{-50.92}"
"699","The answer is \boxed{6,3}"
"700","The answer is \boxed{F}"
"701","The answer is \boxed{22}"
"702","The answer is \boxed{-u^4 - 4u^3 + 3u^2 - 6u - 8}"
"703","The answer is \boxed{B}"
"704","The answer is \boxed{3.65, 1.645, B}"
"705","The answer is \boxed{True,False,False,True}"
"706","The answer is \boxed{2047.28}"
"707","The answer is \boxed{5200,2600}"
"708","The answer is \boxed{-\frac{9}{2},\frac{9}{2},-\frac{81}{4}}"
"709","The answer is \boxed{E}"
"710","The answer is \boxed{x = 2\pi - \arccos\!(\frac{1}{8}) - 3,\quad x = 2\pi + \arccos\!(\frac{1}{8}) - 3}"
"711","The answer is \boxed{D}"
"712","The answer is \boxed{D,D,A}"
"713","The answer is \boxed{-3, not real}"
"714","The answer is \boxed{\84.00}"
"715","The answer is \boxed{5, 7, 9, 13,\ 8.5,\ 6, 7, 8, 9, 10, 11,\ 8.5}"
"716","The answer is \boxed{\frac{19}{33}}"
"717","The answer is \boxed{7992}"
"718","The answer is \boxed{65761800, 72704000, median}"
"719","The answer is \boxed{E}"
"720","The answer is \boxed{D}"
"721","The answer is \boxed{D,A,A}"
"722","The answer is \boxed{2051325}"
"723","The answer is \boxed{-\frac{\sqrt3}{2},-\frac{\sqrt2}{2}}"
"724","The answer is \boxed{2}"
"725","The answer is \boxed{41.302, 13.277, A}"
"726","The answer is \boxed{7,48}"
"727","The answer is \boxed{A}"
"728","The answer is \boxed{80000}"
"729","The answer is \boxed{G}"
"730","The answer is \boxed{I}"
"731","The answer is \boxed{J}"
"732","The answer is \boxed{H}"
"733","The answer is \boxed{68,247,97,17}"
"734","The answer is \boxed{4830,4.83}"
"735","The answer is \boxed{28,42.5,55,-29,82,27,True}"
"736","The answer is \boxed{sqrt(30)/2}"
"737","The answer is \boxed{2140}"
"738","The answer is \boxed{A,C,A,A}"
"739","The answer is \boxed{\frac{Q}{1-Z}}"
"740","The answer is \boxed{\frac{5184}{81\cos^2 t - 64\sin^2 t}}"
"741","The answer is \boxed{H}"
"742","The answer is \boxed{241.0}"
"743","The answer is \boxed{430}"
"744","The answer is \boxed{26.875, 32.1875}"
"745","The answer is \boxed{2\sin(C)\cos(C),\ -\cos(C),\ \frac{2\tan(C)}{1-\tan^2(C)},\ \sin(A)\cos(B)-\cos(A)\sin(B),\ \sin(C),\ \cos(A)\cos(B)+\sin(A)\sin(B),\ \frac{\sin(x)}{1+\cos(x)},\ \cos^2(C)-\sin^2(C)}"
"746","The answer is \boxed{17417,30856,808694,103863,876259,924095,21108}"
"747","The answer is \boxed{A}"
"748","The answer is \boxed{222.51, 186.49, 79.43, 66.57, 50.05, 41.95, 31.01, 25.99, 20.789, 3, 11.345, B}"
"749","The answer is \boxed{5{,}5{,}5{,}5{,}5,\ is,\ 14/9{,}19/14{,}24/19{,}29/24{,}34/29,\ is not,\ 5n+9,\ (-1)^{n+1}(5n+9)}"
"750","The answer is \boxed{36.98\%,\ln(0.95),C,E}"
"751","The answer is \boxed{31}"
"752","The answer is \boxed{D}"
"753","The answer is \boxed{A, 0.246, A  and  B, 16.6}"
"754","The answer is \boxed{60x^2+65x}"
"755","The answer is \boxed{F}"
"756","The answer is \boxed{109.27 ft,520.16 ft}"
"757","The answer is \boxed{C}"
"758","The answer is \boxed{C}"
"759","The answer is \boxed{C. normal distribution}"
"760","The answer is \boxed{I}"
"761","The answer is \boxed{5f(n-1)+4}"
"762","The answer is \boxed{110x^2+42x}"
"763","The answer is \boxed{4+9, 8\div3}"
"764","The answer is \boxed{\frac{(a+b)(a-b)^4}{c^5}}"
"765","The answer is \boxed{A}"
"766","The answer is \boxed{4.3750, 7.3333, 11.4286}"
"767","The answer is \boxed{D}"
"768","The answer is \boxed{G}"
"769","The answer is \boxed{1620}"
"770","The answer is \boxed{3,4,1,3,2,1,2,2,0.5,2}"
"771","The answer is \boxed{2}"
"772","The answer is \boxed{H}"
"773","The answer is \boxed{\frac{3a-14}{3}}"
"774","The answer is \boxed{24, 28, 33, 39, 42}"
"775","The answer is \boxed{y=6\sin(x-7)-6}"
"776","The answer is \boxed{A}"
"777","The answer is \boxed{8}"
"778","The answer is \boxed{I}"
"779","The answer is \boxed{F}"
"780","The answer is \boxed{3t^{14}+6t^{12}+9t^{10}}"
"781","The answer is \boxed{sqrt(15)/8}"
"782","The answer is \boxed{-1517}"
"783","The answer is \boxed{H}"
"784","The answer is \boxed{\frac{17}{60}}"
"785","The answer is \boxed{False,True,False,False}"
"786","The answer is \boxed{indeed C and there's a subtlety I'm missing.

Actually, wait. Let me reconsider the problem. The problem says $X$ consists of ""a sequence of ones immediately followed by a sequence of zeros (either sequence may be empty)."" 

If the sequence of ones is empty and the sequence of zeros is non-empty, we get a number like $000...0$, which is not a valid positive integer (it's 0 or has leading zeros). So we need $a \geq 1$.

If the sequence of zeros is empty and the sequence of ones is non-empty, we get $R_a$. For this to be divisible by $505000$, we need $2^3 \cdot}"
"787","The answer is \boxed{148{,}165{,}614, \ 42, \ 47}"
"788","The answer is \boxed{A}"
"789","The answer is \boxed{8,8,-8,-8}"
"790","The answer is \boxed{-20x^2+45x-25=0}"
"791","The answer is \boxed{F}"
"792","The answer is \boxed{t = \frac{\ln(V/T)}{\ln(h/g)}}"
"793","The answer is \boxed{1.353,(1.476, inf),0.0880,D}"
"794","The answer is \boxed{4.47,4}"
"795","The answer is \boxed{450, 2, 6}"
"796","The answer is \boxed{F}"
"797","The answer is \boxed{C}"
"798","The answer is \boxed{\frac{245274949}{62500},EXTRANEOUS}"
"799","The answer is \boxed{8096}"
"800","The answer is \boxed{140}"
"801","The answer is \boxed{G}"
"802","The answer is \boxed{26/7}"
"803","The answer is \boxed{124}"
"804","The answer is \boxed{F}"
"805","The answer is \boxed{A}"
"806","The answer is \boxed{-\frac{\sqrt{869}}{45},-\frac{34}{45},\frac{\sqrt{869}}{34},\frac{34\sqrt{869}}{869},-\frac{45}{34},-\frac{45\sqrt{869}}{869}}"
"807","The answer is \boxed{E}"
"808","The answer is \boxed{D}"
"809","The answer is \boxed{1540}"
"810","The answer is \boxed{F}"
"811","The answer is \boxed{1.336 \times 10^{-19}}"
"812","The answer is \boxed{\frac{512}{\sin^6(2t)} = r^{12}}"
"813","The answer is \boxed{A,C}"
"814","The answer is \boxed{5, 4.7256, 0.9451, 1.224, 30, 23.1567, 0.7719, 35, 27.8822}"
"815","The answer is \boxed{H}"
"816","The answer is \boxed{8.7, 10.53}"
"817","The answer is \boxed{\frac{88}{21}}"
"818","The answer is \boxed{6b+5a,ab}"
"819","The answer is \boxed{E}"
"820","The answer is \boxed{15}"
"821","The answer is \boxed{C,A,A,A}"
"822","The answer is \boxed{200}"
"823","The answer is \boxed{230}"
"824","The answer is \boxed{C}"
"825","The answer is \boxed{D}"
"826","The answer is \boxed{1800}"
"827","The answer is \boxed{H}"
"828","The answer is \boxed{99.63, 110.37}"
"829","The answer is \boxed{8464}"
"830","The answer is \boxed{\frac{44\pi}{15}}"
"831","The answer is \boxed{E}"
"832","The answer is \boxed{J}"
"833","The answer is \boxed{-19/3, 3/4, 48/6, 40/3}"
"834","The answer is \boxed{\frac{\pi}{4},\,\frac{3\pi}{2},\,-\frac{19\pi}{6}}"
"835","The answer is \boxed{126}"
"836","The answer is \boxed{2025}"
"837","The answer is \boxed{D}"
"838","The answer is \boxed{(23.66, 28.34)}"
"839","The answer is \boxed{G}"
"840","The answer is \boxed{F}"
"841","The answer is \boxed{\sin(40+8\sqrt{x}),5+\sqrt{\sin(8x)}}"
"842","The answer is \boxed{65.47, 1.552, 6.051, 1.833, B}"
"843","The answer is \boxed{2y,10}"
"844","The answer is \boxed{J}"
"845","The answer is \boxed{5}"
"846","The answer is \boxed{3,1,2,3,-2}"
"847","The answer is \boxed{H}"
"848","The answer is \boxed{E}"
"849","The answer is \boxed{4(n+1)}"
"850","The answer is \boxed{C}"
"851","The answer is \boxed{B  and  C}"
"852","The answer is \boxed{414.72}"
"853","The answer is \boxed{C}"
"854","The answer is \boxed{-\frac{47}{8},-\frac{47}{6}}"
"855","The answer is \boxed{20000,2000}"
"856","The answer is \boxed{H}"
"857","The answer is \boxed{A, 0.8974, 0.9146, A, 0.9024, 0.9212}"
"858","The answer is \boxed{2.300, 1.691, Yes}"
"859","The answer is \boxed{1,2,2,4}"
"860","The answer is \boxed{22}"
"861","The answer is \boxed{G}"
"862","The answer is \boxed{I}"
"863","The answer is \boxed{\frac{1}{t^{69}}}"
"864","The answer is \boxed{\frac{35}{3},25}"
"865","The answer is \boxed{\frac{7}{x} - 8}"
"866","The answer is \boxed{H}"
"867","The answer is \boxed{E}"
"868","The answer is \boxed{E}"
"869","The answer is \boxed{\frac{41}{2},\frac{x+y+xy}{2}}"
"870","The answer is \boxed{D}"
"871","The answer is \boxed{G}"
"872","The answer is \boxed{infinity, 0}"
"873","The answer is \boxed{G}"
"874","The answer is \boxed{J}"
"875","The answer is \boxed{C}"
"876","The answer is \boxed{C}"
"877","The answer is \boxed{F}"
"878","The answer is \boxed{I}"
"879","The answer is \boxed{H}"
"880","The answer is \boxed{\frac{35}{37},\frac{35}{12}}"
"881","The answer is \boxed{D}"
"882","The answer is \boxed{1200,3600}"
"883","The answer is \boxed{656}"
"884","The answer is \boxed{g(x)=(x-59)^2+74}"
"885","The answer is \boxed{18, 139.875, 18, B}"
"886","The answer is \boxed{A,C}"
"887","The answer is \boxed{I}"
"888","The answer is \boxed{I}"
"889","The answer is \boxed{5, 4y}"
"890","The answer is \boxed{A,A,C,6}"
"891","The answer is \boxed{A}"
"892","The answer is \boxed{69.65}"
"893","The answer is \boxed{A,C}"
"894","The answer is \boxed{0.023, 1.484, 2.013, -0.109, 0.301, -0.118, 0.294, 10}"
"895","The answer is \boxed{g(x)=35\sqrt{14}(\frac{2}{7})^{x/20}}"
"896","The answer is \boxed{False,True,False,False,True,True,False,True}"
"897","The answer is \boxed{84.875}"
"898","The answer is \boxed{48}"
"899","The answer is \boxed{D}"
"900","The answer is \boxed{1200,3600}"
"901","The answer is \boxed{H}"
"902","The answer is \boxed{9,6}"
"903","The answer is \boxed{A,C}"
"904","The answer is \boxed{A}"
"905","The answer is \boxed{B,C}"
"906","The answer is \boxed{x=2,\ x=5}"
"907","The answer is \boxed{152}"
"908","The answer is \boxed{100(0.83)^t,\ 39.390}"
"909","The answer is \boxed{1520}"
"910","The answer is \boxed{1134,16}"
"911","The answer is \boxed{I}"
"912","The answer is \boxed{6013}"
"913","The answer is \boxed{G}"
"914","The answer is \boxed{0.1901,0.2474}"
"915","The answer is \boxed{-2}"
"916","The answer is \boxed{3\sqrt{2},6\sqrt{2},18}"
"917","The answer is \boxed{189.8, 246.4, 43}"
"918","The answer is \boxed{C}"
"919","The answer is \boxed{\frac{3875}{12012}}"
"920","The answer is \boxed{178}"
"921","The answer is \boxed{D}"
"922","The answer is \boxed{B}"
"923","The answer is \boxed{y=-6.2x+297.6,\ 93,\ 48}"
"924","The answer is \boxed{n = 55 + 0.2t, \quad 2010}"
"925","The answer is \boxed{276}"
"926","The answer is \boxed{-3t^2-6t+2}"
"927","The answer is \boxed{False, True, True, True, False, False}"
"928","The answer is \boxed{E}"
"929","The answer is \boxed{6.086, (-0.72, 3.12), A}"
"930","The answer is \boxed{E}"
"931","The answer is \boxed{3,-3}"
"932","The answer is \boxed{26}"
"933","The answer is \boxed{E}"
"934","The answer is \boxed{J}"
"935","The answer is \boxed{H}"
"936","The answer is \boxed{\frac{275}{16}}"
"937","The answer is \boxed{640}"
"938","The answer is \boxed{\49.88}"
"939","The answer is \boxed{E}"
"940","The answer is \boxed{B}"
"941","The answer is \boxed{A,C,A,A,B,C}"
"942","The answer is \boxed{36}"
